CREATE TABLE `software` (
  `id` int(11) NOT NULL AUTO_INCREMENT,
  `name` varchar(64) NOT NULL DEFAULT '',
  `release_date` date DEFAULT NULL,
  PRIMARY KEY (`id`)
) ENGINE=INNODB DEFAULT CHARSET=utf8;

CREATE TABLE `type` (
  `id` int(11) NOT NULL AUTO_INCREMENT,
  `name` varchar(64) NOT NULL DEFAULT '',
  PRIMARY KEY (`id`)
) ENGINE=INNODB DEFAULT CHARSET=utf8;

CREATE TABLE `monster` (
  `id` int(11) NOT NULL AUTO_INCREMENT,
  `name` varchar(64) NOT NULL DEFAULT '',
  `software_id` int(11) NOT NULL,
  `height` double(6, 3) NOT NULL DEFAULT 0,
  `weight` double(6, 3) NOT NULL DEFAULT 0,
  PRIMARY KEY (`id`)
) ENGINE=INNODB DEFAULT CHARSET=utf8;

CREATE TABLE `monster_type` (
  `id` int(11) NOT NULL AUTO_INCREMENT,
  `monster_id` int(11) NOT NULL,
  `type_id` int(11) NOT NULL,
  PRIMARY KEY (`id`)
) ENGINE=INNODB DEFAULT CHARSET=utf8;

INSERT INTO `software` (`name`, `release_date`) VALUES
	("レッド・グリーン", "1996-2-27"),
	("ゴールド・シルバー", "1999-11-21"),
	("ルビー・サファイア", "2002-11-21"),
	("ダイヤモンド・パール", "2006-9-28"),
	("ブラック・ホワイト", "2010-9-18"),
	("X・Y", "2013-10-12");

INSERT INTO type(id, name) VALUES(1, 'ノーマル');
INSERT INTO type(id, name) VALUES(2, 'ほのお');
INSERT INTO type(id, name) VALUES(3, '水');
INSERT INTO type(id, name) VALUES(4, 'でんき');
INSERT INTO type(id, name) VALUES(5, 'くさ');
INSERT INTO type(id, name) VALUES(6, 'こおり');
INSERT INTO type(id, name) VALUES(7, 'かくとう');
INSERT INTO type(id, name) VALUES(8, 'どく');
INSERT INTO type(id, name) VALUES(9, 'じめん');
INSERT INTO type(id, name) VALUES(10, 'ひこう');
INSERT INTO type(id, name) VALUES(11, 'エスパー');
INSERT INTO type(id, name) VALUES(12, 'むし');
INSERT INTO type(id, name) VALUES(13, 'いわ');
INSERT INTO type(id, name) VALUES(14, 'ゴースト');
INSERT INTO type(id, name) VALUES(15, 'ドラゴン');
INSERT INTO type(id, name) VALUES(16, 'あく');
INSERT INTO type(id, name) VALUES(17, 'はがね');
INSERT INTO type(id, name) VALUES(18, 'フェアリー');

-- monster_type
INSERT INTO monster_type(id, monster_id, type_id) VALUES('1', '1', '5');
INSERT INTO monster_type(id, monster_id, type_id) VALUES('2', '1', '8');
INSERT INTO monster_type(id, monster_id, type_id) VALUES('3', '2', '5');
INSERT INTO monster_type(id, monster_id, type_id) VALUES('4', '2', '8');
INSERT INTO monster_type(id, monster_id, type_id) VALUES('5', '3', '5');
INSERT INTO monster_type(id, monster_id, type_id) VALUES('6', '3', '8');
INSERT INTO monster_type(id, monster_id, type_id) VALUES('7', '4', '2');
INSERT INTO monster_type(id, monster_id, type_id) VALUES('8', '5', '2');
INSERT INTO monster_type(id, monster_id, type_id) VALUES('9', '6', '2');
INSERT INTO monster_type(id, monster_id, type_id) VALUES('10', '6', '10');
INSERT INTO monster_type(id, monster_id, type_id) VALUES('11', '7', '3');
INSERT INTO monster_type(id, monster_id, type_id) VALUES('12', '8', '3');
INSERT INTO monster_type(id, monster_id, type_id) VALUES('13', '9', '3');
INSERT INTO monster_type(id, monster_id, type_id) VALUES('14', '10', '12');
INSERT INTO monster_type(id, monster_id, type_id) VALUES('15', '11', '12');
INSERT INTO monster_type(id, monster_id, type_id) VALUES('16', '12', '12');
INSERT INTO monster_type(id, monster_id, type_id) VALUES('17', '12', '10');
INSERT INTO monster_type(id, monster_id, type_id) VALUES('18', '13', '12');
INSERT INTO monster_type(id, monster_id, type_id) VALUES('19', '13', '8');
INSERT INTO monster_type(id, monster_id, type_id) VALUES('20', '14', '12');
INSERT INTO monster_type(id, monster_id, type_id) VALUES('21', '14', '8');
INSERT INTO monster_type(id, monster_id, type_id) VALUES('22', '15', '12');
INSERT INTO monster_type(id, monster_id, type_id) VALUES('23', '15', '8');
INSERT INTO monster_type(id, monster_id, type_id) VALUES('24', '16', '1');
INSERT INTO monster_type(id, monster_id, type_id) VALUES('25', '16', '10');
INSERT INTO monster_type(id, monster_id, type_id) VALUES('26', '17', '1');
INSERT INTO monster_type(id, monster_id, type_id) VALUES('27', '17', '10');
INSERT INTO monster_type(id, monster_id, type_id) VALUES('28', '18', '1');
INSERT INTO monster_type(id, monster_id, type_id) VALUES('29', '18', '10');
INSERT INTO monster_type(id, monster_id, type_id) VALUES('30', '19', '1');
INSERT INTO monster_type(id, monster_id, type_id) VALUES('31', '20', '1');
INSERT INTO monster_type(id, monster_id, type_id) VALUES('32', '21', '1');
INSERT INTO monster_type(id, monster_id, type_id) VALUES('33', '21', '10');
INSERT INTO monster_type(id, monster_id, type_id) VALUES('34', '22', '1');
INSERT INTO monster_type(id, monster_id, type_id) VALUES('35', '22', '10');
INSERT INTO monster_type(id, monster_id, type_id) VALUES('36', '23', '8');
INSERT INTO monster_type(id, monster_id, type_id) VALUES('37', '24', '8');
INSERT INTO monster_type(id, monster_id, type_id) VALUES('38', '25', '4');
INSERT INTO monster_type(id, monster_id, type_id) VALUES('39', '26', '4');
INSERT INTO monster_type(id, monster_id, type_id) VALUES('40', '27', '9');
INSERT INTO monster_type(id, monster_id, type_id) VALUES('41', '28', '9');
INSERT INTO monster_type(id, monster_id, type_id) VALUES('42', '29', '8');
INSERT INTO monster_type(id, monster_id, type_id) VALUES('43', '30', '8');
INSERT INTO monster_type(id, monster_id, type_id) VALUES('44', '31', '8');
INSERT INTO monster_type(id, monster_id, type_id) VALUES('45', '31', '9');
INSERT INTO monster_type(id, monster_id, type_id) VALUES('46', '32', '8');
INSERT INTO monster_type(id, monster_id, type_id) VALUES('47', '33', '8');
INSERT INTO monster_type(id, monster_id, type_id) VALUES('48', '34', '8');
INSERT INTO monster_type(id, monster_id, type_id) VALUES('49', '34', '9');
INSERT INTO monster_type(id, monster_id, type_id) VALUES('50', '35', '18');
INSERT INTO monster_type(id, monster_id, type_id) VALUES('51', '36', '18');
INSERT INTO monster_type(id, monster_id, type_id) VALUES('52', '37', '2');
INSERT INTO monster_type(id, monster_id, type_id) VALUES('53', '38', '2');
INSERT INTO monster_type(id, monster_id, type_id) VALUES('54', '39', '1');
INSERT INTO monster_type(id, monster_id, type_id) VALUES('55', '39', '18');
INSERT INTO monster_type(id, monster_id, type_id) VALUES('56', '40', '1');
INSERT INTO monster_type(id, monster_id, type_id) VALUES('57', '40', '18');
INSERT INTO monster_type(id, monster_id, type_id) VALUES('58', '41', '8');
INSERT INTO monster_type(id, monster_id, type_id) VALUES('59', '41', '10');
INSERT INTO monster_type(id, monster_id, type_id) VALUES('60', '42', '8');
INSERT INTO monster_type(id, monster_id, type_id) VALUES('61', '42', '10');
INSERT INTO monster_type(id, monster_id, type_id) VALUES('62', '43', '5');
INSERT INTO monster_type(id, monster_id, type_id) VALUES('63', '43', '8');
INSERT INTO monster_type(id, monster_id, type_id) VALUES('64', '44', '5');
INSERT INTO monster_type(id, monster_id, type_id) VALUES('65', '44', '8');
INSERT INTO monster_type(id, monster_id, type_id) VALUES('66', '45', '5');
INSERT INTO monster_type(id, monster_id, type_id) VALUES('67', '45', '8');
INSERT INTO monster_type(id, monster_id, type_id) VALUES('68', '46', '12');
INSERT INTO monster_type(id, monster_id, type_id) VALUES('69', '46', '5');
INSERT INTO monster_type(id, monster_id, type_id) VALUES('70', '47', '12');
INSERT INTO monster_type(id, monster_id, type_id) VALUES('71', '47', '5');
INSERT INTO monster_type(id, monster_id, type_id) VALUES('72', '48', '12');
INSERT INTO monster_type(id, monster_id, type_id) VALUES('73', '48', '8');
INSERT INTO monster_type(id, monster_id, type_id) VALUES('74', '49', '12');
INSERT INTO monster_type(id, monster_id, type_id) VALUES('75', '49', '8');
INSERT INTO monster_type(id, monster_id, type_id) VALUES('76', '50', '9');
INSERT INTO monster_type(id, monster_id, type_id) VALUES('77', '51', '9');
INSERT INTO monster_type(id, monster_id, type_id) VALUES('78', '52', '1');
INSERT INTO monster_type(id, monster_id, type_id) VALUES('79', '53', '1');
INSERT INTO monster_type(id, monster_id, type_id) VALUES('80', '54', '3');
INSERT INTO monster_type(id, monster_id, type_id) VALUES('81', '55', '3');
INSERT INTO monster_type(id, monster_id, type_id) VALUES('82', '56', '7');
INSERT INTO monster_type(id, monster_id, type_id) VALUES('83', '57', '7');
INSERT INTO monster_type(id, monster_id, type_id) VALUES('84', '58', '2');
INSERT INTO monster_type(id, monster_id, type_id) VALUES('85', '59', '2');
INSERT INTO monster_type(id, monster_id, type_id) VALUES('86', '60', '3');
INSERT INTO monster_type(id, monster_id, type_id) VALUES('87', '61', '3');
INSERT INTO monster_type(id, monster_id, type_id) VALUES('88', '62', '3');
INSERT INTO monster_type(id, monster_id, type_id) VALUES('89', '62', '7');
INSERT INTO monster_type(id, monster_id, type_id) VALUES('90', '63', '11');
INSERT INTO monster_type(id, monster_id, type_id) VALUES('91', '64', '11');
INSERT INTO monster_type(id, monster_id, type_id) VALUES('92', '65', '11');
INSERT INTO monster_type(id, monster_id, type_id) VALUES('93', '66', '7');
INSERT INTO monster_type(id, monster_id, type_id) VALUES('94', '67', '7');
INSERT INTO monster_type(id, monster_id, type_id) VALUES('95', '68', '7');
INSERT INTO monster_type(id, monster_id, type_id) VALUES('96', '69', '5');
INSERT INTO monster_type(id, monster_id, type_id) VALUES('97', '69', '8');
INSERT INTO monster_type(id, monster_id, type_id) VALUES('98', '70', '5');
INSERT INTO monster_type(id, monster_id, type_id) VALUES('99', '70', '8');
INSERT INTO monster_type(id, monster_id, type_id) VALUES('100', '71', '5');
INSERT INTO monster_type(id, monster_id, type_id) VALUES('101', '71', '8');
INSERT INTO monster_type(id, monster_id, type_id) VALUES('102', '72', '3');
INSERT INTO monster_type(id, monster_id, type_id) VALUES('103', '72', '8');
INSERT INTO monster_type(id, monster_id, type_id) VALUES('104', '73', '3');
INSERT INTO monster_type(id, monster_id, type_id) VALUES('105', '73', '8');
INSERT INTO monster_type(id, monster_id, type_id) VALUES('106', '74', '13');
INSERT INTO monster_type(id, monster_id, type_id) VALUES('107', '74', '9');
INSERT INTO monster_type(id, monster_id, type_id) VALUES('108', '75', '13');
INSERT INTO monster_type(id, monster_id, type_id) VALUES('109', '75', '9');
INSERT INTO monster_type(id, monster_id, type_id) VALUES('110', '76', '13');
INSERT INTO monster_type(id, monster_id, type_id) VALUES('111', '76', '9');
INSERT INTO monster_type(id, monster_id, type_id) VALUES('112', '77', '2');
INSERT INTO monster_type(id, monster_id, type_id) VALUES('113', '78', '2');
INSERT INTO monster_type(id, monster_id, type_id) VALUES('114', '79', '3');
INSERT INTO monster_type(id, monster_id, type_id) VALUES('115', '79', '11');
INSERT INTO monster_type(id, monster_id, type_id) VALUES('116', '80', '3');
INSERT INTO monster_type(id, monster_id, type_id) VALUES('117', '80', '11');
INSERT INTO monster_type(id, monster_id, type_id) VALUES('118', '81', '4');
INSERT INTO monster_type(id, monster_id, type_id) VALUES('119', '81', '17');
INSERT INTO monster_type(id, monster_id, type_id) VALUES('120', '82', '4');
INSERT INTO monster_type(id, monster_id, type_id) VALUES('121', '82', '17');
INSERT INTO monster_type(id, monster_id, type_id) VALUES('122', '83', '1');
INSERT INTO monster_type(id, monster_id, type_id) VALUES('123', '83', '10');
INSERT INTO monster_type(id, monster_id, type_id) VALUES('124', '84', '1');
INSERT INTO monster_type(id, monster_id, type_id) VALUES('125', '84', '10');
INSERT INTO monster_type(id, monster_id, type_id) VALUES('126', '85', '1');
INSERT INTO monster_type(id, monster_id, type_id) VALUES('127', '85', '10');
INSERT INTO monster_type(id, monster_id, type_id) VALUES('128', '86', '3');
INSERT INTO monster_type(id, monster_id, type_id) VALUES('129', '87', '3');
INSERT INTO monster_type(id, monster_id, type_id) VALUES('130', '87', '6');
INSERT INTO monster_type(id, monster_id, type_id) VALUES('131', '88', '8');
INSERT INTO monster_type(id, monster_id, type_id) VALUES('132', '89', '8');
INSERT INTO monster_type(id, monster_id, type_id) VALUES('133', '90', '3');
INSERT INTO monster_type(id, monster_id, type_id) VALUES('134', '91', '3');
INSERT INTO monster_type(id, monster_id, type_id) VALUES('135', '91', '6');
INSERT INTO monster_type(id, monster_id, type_id) VALUES('136', '92', '14');
INSERT INTO monster_type(id, monster_id, type_id) VALUES('137', '92', '8');
INSERT INTO monster_type(id, monster_id, type_id) VALUES('138', '93', '14');
INSERT INTO monster_type(id, monster_id, type_id) VALUES('139', '93', '8');
INSERT INTO monster_type(id, monster_id, type_id) VALUES('140', '94', '14');
INSERT INTO monster_type(id, monster_id, type_id) VALUES('141', '94', '8');
INSERT INTO monster_type(id, monster_id, type_id) VALUES('142', '95', '13');
INSERT INTO monster_type(id, monster_id, type_id) VALUES('143', '95', '9');
INSERT INTO monster_type(id, monster_id, type_id) VALUES('144', '96', '11');
INSERT INTO monster_type(id, monster_id, type_id) VALUES('145', '97', '11');
INSERT INTO monster_type(id, monster_id, type_id) VALUES('146', '98', '3');
INSERT INTO monster_type(id, monster_id, type_id) VALUES('147', '99', '3');
INSERT INTO monster_type(id, monster_id, type_id) VALUES('148', '100', '4');
INSERT INTO monster_type(id, monster_id, type_id) VALUES('149', '101', '4');
INSERT INTO monster_type(id, monster_id, type_id) VALUES('150', '102', '5');
INSERT INTO monster_type(id, monster_id, type_id) VALUES('151', '102', '11');
INSERT INTO monster_type(id, monster_id, type_id) VALUES('152', '103', '5');
INSERT INTO monster_type(id, monster_id, type_id) VALUES('153', '103', '11');
INSERT INTO monster_type(id, monster_id, type_id) VALUES('154', '104', '9');
INSERT INTO monster_type(id, monster_id, type_id) VALUES('155', '105', '9');
INSERT INTO monster_type(id, monster_id, type_id) VALUES('156', '106', '7');
INSERT INTO monster_type(id, monster_id, type_id) VALUES('157', '107', '7');
INSERT INTO monster_type(id, monster_id, type_id) VALUES('158', '108', '1');
INSERT INTO monster_type(id, monster_id, type_id) VALUES('159', '109', '8');
INSERT INTO monster_type(id, monster_id, type_id) VALUES('160', '110', '8');
INSERT INTO monster_type(id, monster_id, type_id) VALUES('161', '111', '9');
INSERT INTO monster_type(id, monster_id, type_id) VALUES('162', '111', '13');
INSERT INTO monster_type(id, monster_id, type_id) VALUES('163', '112', '9');
INSERT INTO monster_type(id, monster_id, type_id) VALUES('164', '112', '13');
INSERT INTO monster_type(id, monster_id, type_id) VALUES('165', '113', '1');
INSERT INTO monster_type(id, monster_id, type_id) VALUES('166', '114', '5');
INSERT INTO monster_type(id, monster_id, type_id) VALUES('167', '115', '1');
INSERT INTO monster_type(id, monster_id, type_id) VALUES('168', '116', '3');
INSERT INTO monster_type(id, monster_id, type_id) VALUES('169', '117', '3');
INSERT INTO monster_type(id, monster_id, type_id) VALUES('170', '118', '3');
INSERT INTO monster_type(id, monster_id, type_id) VALUES('171', '119', '3');
INSERT INTO monster_type(id, monster_id, type_id) VALUES('172', '120', '3');
INSERT INTO monster_type(id, monster_id, type_id) VALUES('173', '121', '3');
INSERT INTO monster_type(id, monster_id, type_id) VALUES('174', '121', '11');
INSERT INTO monster_type(id, monster_id, type_id) VALUES('175', '122', '11');
INSERT INTO monster_type(id, monster_id, type_id) VALUES('176', '122', '18');
INSERT INTO monster_type(id, monster_id, type_id) VALUES('177', '123', '12');
INSERT INTO monster_type(id, monster_id, type_id) VALUES('178', '123', '10');
INSERT INTO monster_type(id, monster_id, type_id) VALUES('179', '124', '6');
INSERT INTO monster_type(id, monster_id, type_id) VALUES('180', '124', '11');
INSERT INTO monster_type(id, monster_id, type_id) VALUES('181', '125', '4');
INSERT INTO monster_type(id, monster_id, type_id) VALUES('182', '126', '2');
INSERT INTO monster_type(id, monster_id, type_id) VALUES('183', '127', '12');
INSERT INTO monster_type(id, monster_id, type_id) VALUES('184', '128', '1');
INSERT INTO monster_type(id, monster_id, type_id) VALUES('185', '129', '3');
INSERT INTO monster_type(id, monster_id, type_id) VALUES('186', '130', '3');
INSERT INTO monster_type(id, monster_id, type_id) VALUES('187', '130', '10');
INSERT INTO monster_type(id, monster_id, type_id) VALUES('188', '131', '3');
INSERT INTO monster_type(id, monster_id, type_id) VALUES('189', '131', '6');
INSERT INTO monster_type(id, monster_id, type_id) VALUES('190', '132', '1');
INSERT INTO monster_type(id, monster_id, type_id) VALUES('191', '133', '1');
INSERT INTO monster_type(id, monster_id, type_id) VALUES('192', '134', '3');
INSERT INTO monster_type(id, monster_id, type_id) VALUES('193', '135', '4');
INSERT INTO monster_type(id, monster_id, type_id) VALUES('194', '136', '2');
INSERT INTO monster_type(id, monster_id, type_id) VALUES('195', '137', '1');
INSERT INTO monster_type(id, monster_id, type_id) VALUES('196', '138', '13');
INSERT INTO monster_type(id, monster_id, type_id) VALUES('197', '138', '3');
INSERT INTO monster_type(id, monster_id, type_id) VALUES('198', '139', '13');
INSERT INTO monster_type(id, monster_id, type_id) VALUES('199', '139', '3');
INSERT INTO monster_type(id, monster_id, type_id) VALUES('200', '140', '13');
INSERT INTO monster_type(id, monster_id, type_id) VALUES('201', '140', '3');
INSERT INTO monster_type(id, monster_id, type_id) VALUES('202', '141', '13');
INSERT INTO monster_type(id, monster_id, type_id) VALUES('203', '141', '3');
INSERT INTO monster_type(id, monster_id, type_id) VALUES('204', '142', '13');
INSERT INTO monster_type(id, monster_id, type_id) VALUES('205', '142', '10');
INSERT INTO monster_type(id, monster_id, type_id) VALUES('206', '143', '1');
INSERT INTO monster_type(id, monster_id, type_id) VALUES('207', '144', '6');
INSERT INTO monster_type(id, monster_id, type_id) VALUES('208', '144', '10');
INSERT INTO monster_type(id, monster_id, type_id) VALUES('209', '145', '4');
INSERT INTO monster_type(id, monster_id, type_id) VALUES('210', '145', '10');
INSERT INTO monster_type(id, monster_id, type_id) VALUES('211', '146', '2');
INSERT INTO monster_type(id, monster_id, type_id) VALUES('212', '146', '10');
INSERT INTO monster_type(id, monster_id, type_id) VALUES('213', '147', '15');
INSERT INTO monster_type(id, monster_id, type_id) VALUES('214', '148', '15');
INSERT INTO monster_type(id, monster_id, type_id) VALUES('215', '149', '15');
INSERT INTO monster_type(id, monster_id, type_id) VALUES('216', '149', '10');
INSERT INTO monster_type(id, monster_id, type_id) VALUES('217', '150', '11');
INSERT INTO monster_type(id, monster_id, type_id) VALUES('218', '151', '11');
INSERT INTO monster_type(id, monster_id, type_id) VALUES('219', '152', '5');
INSERT INTO monster_type(id, monster_id, type_id) VALUES('220', '153', '5');
INSERT INTO monster_type(id, monster_id, type_id) VALUES('221', '154', '5');
INSERT INTO monster_type(id, monster_id, type_id) VALUES('222', '155', '2');
INSERT INTO monster_type(id, monster_id, type_id) VALUES('223', '156', '2');
INSERT INTO monster_type(id, monster_id, type_id) VALUES('224', '157', '2');
INSERT INTO monster_type(id, monster_id, type_id) VALUES('225', '158', '3');
INSERT INTO monster_type(id, monster_id, type_id) VALUES('226', '159', '3');
INSERT INTO monster_type(id, monster_id, type_id) VALUES('227', '160', '3');
INSERT INTO monster_type(id, monster_id, type_id) VALUES('228', '161', '1');
INSERT INTO monster_type(id, monster_id, type_id) VALUES('229', '162', '1');
INSERT INTO monster_type(id, monster_id, type_id) VALUES('230', '163', '1');
INSERT INTO monster_type(id, monster_id, type_id) VALUES('231', '163', '10');
INSERT INTO monster_type(id, monster_id, type_id) VALUES('232', '164', '1');
INSERT INTO monster_type(id, monster_id, type_id) VALUES('233', '164', '10');
INSERT INTO monster_type(id, monster_id, type_id) VALUES('234', '165', '12');
INSERT INTO monster_type(id, monster_id, type_id) VALUES('235', '165', '10');
INSERT INTO monster_type(id, monster_id, type_id) VALUES('236', '166', '12');
INSERT INTO monster_type(id, monster_id, type_id) VALUES('237', '166', '10');
INSERT INTO monster_type(id, monster_id, type_id) VALUES('238', '167', '12');
INSERT INTO monster_type(id, monster_id, type_id) VALUES('239', '167', '8');
INSERT INTO monster_type(id, monster_id, type_id) VALUES('240', '168', '12');
INSERT INTO monster_type(id, monster_id, type_id) VALUES('241', '168', '8');
INSERT INTO monster_type(id, monster_id, type_id) VALUES('242', '169', '8');
INSERT INTO monster_type(id, monster_id, type_id) VALUES('243', '169', '10');
INSERT INTO monster_type(id, monster_id, type_id) VALUES('244', '170', '3');
INSERT INTO monster_type(id, monster_id, type_id) VALUES('245', '170', '4');
INSERT INTO monster_type(id, monster_id, type_id) VALUES('246', '171', '3');
INSERT INTO monster_type(id, monster_id, type_id) VALUES('247', '171', '4');
INSERT INTO monster_type(id, monster_id, type_id) VALUES('248', '172', '4');
INSERT INTO monster_type(id, monster_id, type_id) VALUES('249', '173', '18');
INSERT INTO monster_type(id, monster_id, type_id) VALUES('250', '174', '1');
INSERT INTO monster_type(id, monster_id, type_id) VALUES('251', '174', '18');
INSERT INTO monster_type(id, monster_id, type_id) VALUES('252', '175', '18');
INSERT INTO monster_type(id, monster_id, type_id) VALUES('253', '176', '18');
INSERT INTO monster_type(id, monster_id, type_id) VALUES('254', '176', '10');
INSERT INTO monster_type(id, monster_id, type_id) VALUES('255', '177', '11');
INSERT INTO monster_type(id, monster_id, type_id) VALUES('256', '177', '10');
INSERT INTO monster_type(id, monster_id, type_id) VALUES('257', '178', '11');
INSERT INTO monster_type(id, monster_id, type_id) VALUES('258', '178', '10');
INSERT INTO monster_type(id, monster_id, type_id) VALUES('259', '179', '4');
INSERT INTO monster_type(id, monster_id, type_id) VALUES('260', '180', '4');
INSERT INTO monster_type(id, monster_id, type_id) VALUES('261', '181', '4');
INSERT INTO monster_type(id, monster_id, type_id) VALUES('262', '182', '5');
INSERT INTO monster_type(id, monster_id, type_id) VALUES('263', '183', '3');
INSERT INTO monster_type(id, monster_id, type_id) VALUES('264', '183', '18');
INSERT INTO monster_type(id, monster_id, type_id) VALUES('265', '184', '3');
INSERT INTO monster_type(id, monster_id, type_id) VALUES('266', '184', '18');
INSERT INTO monster_type(id, monster_id, type_id) VALUES('267', '185', '13');
INSERT INTO monster_type(id, monster_id, type_id) VALUES('268', '186', '3');
INSERT INTO monster_type(id, monster_id, type_id) VALUES('269', '187', '5');
INSERT INTO monster_type(id, monster_id, type_id) VALUES('270', '187', '10');
INSERT INTO monster_type(id, monster_id, type_id) VALUES('271', '188', '5');
INSERT INTO monster_type(id, monster_id, type_id) VALUES('272', '188', '10');
INSERT INTO monster_type(id, monster_id, type_id) VALUES('273', '189', '5');
INSERT INTO monster_type(id, monster_id, type_id) VALUES('274', '189', '10');
INSERT INTO monster_type(id, monster_id, type_id) VALUES('275', '190', '1');
INSERT INTO monster_type(id, monster_id, type_id) VALUES('276', '191', '5');
INSERT INTO monster_type(id, monster_id, type_id) VALUES('277', '192', '5');
INSERT INTO monster_type(id, monster_id, type_id) VALUES('278', '193', '12');
INSERT INTO monster_type(id, monster_id, type_id) VALUES('279', '193', '10');
INSERT INTO monster_type(id, monster_id, type_id) VALUES('280', '194', '3');
INSERT INTO monster_type(id, monster_id, type_id) VALUES('281', '194', '9');
INSERT INTO monster_type(id, monster_id, type_id) VALUES('282', '195', '3');
INSERT INTO monster_type(id, monster_id, type_id) VALUES('283', '195', '9');
INSERT INTO monster_type(id, monster_id, type_id) VALUES('284', '196', '11');
INSERT INTO monster_type(id, monster_id, type_id) VALUES('285', '197', '16');
INSERT INTO monster_type(id, monster_id, type_id) VALUES('286', '198', '16');
INSERT INTO monster_type(id, monster_id, type_id) VALUES('287', '198', '10');
INSERT INTO monster_type(id, monster_id, type_id) VALUES('288', '199', '3');
INSERT INTO monster_type(id, monster_id, type_id) VALUES('289', '199', '11');
INSERT INTO monster_type(id, monster_id, type_id) VALUES('290', '200', '14');
INSERT INTO monster_type(id, monster_id, type_id) VALUES('291', '201', '11');
INSERT INTO monster_type(id, monster_id, type_id) VALUES('292', '202', '11');
INSERT INTO monster_type(id, monster_id, type_id) VALUES('293', '203', '1');
INSERT INTO monster_type(id, monster_id, type_id) VALUES('294', '203', '11');
INSERT INTO monster_type(id, monster_id, type_id) VALUES('295', '204', '12');
INSERT INTO monster_type(id, monster_id, type_id) VALUES('296', '205', '12');
INSERT INTO monster_type(id, monster_id, type_id) VALUES('297', '205', '17');
INSERT INTO monster_type(id, monster_id, type_id) VALUES('298', '206', '1');
INSERT INTO monster_type(id, monster_id, type_id) VALUES('299', '207', '9');
INSERT INTO monster_type(id, monster_id, type_id) VALUES('300', '207', '10');
INSERT INTO monster_type(id, monster_id, type_id) VALUES('301', '208', '17');
INSERT INTO monster_type(id, monster_id, type_id) VALUES('302', '208', '9');
INSERT INTO monster_type(id, monster_id, type_id) VALUES('303', '209', '18');
INSERT INTO monster_type(id, monster_id, type_id) VALUES('304', '210', '18');
INSERT INTO monster_type(id, monster_id, type_id) VALUES('305', '211', '3');
INSERT INTO monster_type(id, monster_id, type_id) VALUES('306', '211', '8');
INSERT INTO monster_type(id, monster_id, type_id) VALUES('307', '212', '12');
INSERT INTO monster_type(id, monster_id, type_id) VALUES('308', '212', '17');
INSERT INTO monster_type(id, monster_id, type_id) VALUES('309', '213', '12');
INSERT INTO monster_type(id, monster_id, type_id) VALUES('310', '213', '13');
INSERT INTO monster_type(id, monster_id, type_id) VALUES('311', '214', '12');
INSERT INTO monster_type(id, monster_id, type_id) VALUES('312', '214', '7');
INSERT INTO monster_type(id, monster_id, type_id) VALUES('313', '215', '16');
INSERT INTO monster_type(id, monster_id, type_id) VALUES('314', '215', '6');
INSERT INTO monster_type(id, monster_id, type_id) VALUES('315', '216', '1');
INSERT INTO monster_type(id, monster_id, type_id) VALUES('316', '217', '1');
INSERT INTO monster_type(id, monster_id, type_id) VALUES('317', '218', '2');
INSERT INTO monster_type(id, monster_id, type_id) VALUES('318', '219', '2');
INSERT INTO monster_type(id, monster_id, type_id) VALUES('319', '219', '13');
INSERT INTO monster_type(id, monster_id, type_id) VALUES('320', '220', '6');
INSERT INTO monster_type(id, monster_id, type_id) VALUES('321', '220', '9');
INSERT INTO monster_type(id, monster_id, type_id) VALUES('322', '221', '6');
INSERT INTO monster_type(id, monster_id, type_id) VALUES('323', '221', '9');
INSERT INTO monster_type(id, monster_id, type_id) VALUES('324', '222', '3');
INSERT INTO monster_type(id, monster_id, type_id) VALUES('325', '222', '13');
INSERT INTO monster_type(id, monster_id, type_id) VALUES('326', '223', '3');
INSERT INTO monster_type(id, monster_id, type_id) VALUES('327', '224', '3');
INSERT INTO monster_type(id, monster_id, type_id) VALUES('328', '225', '6');
INSERT INTO monster_type(id, monster_id, type_id) VALUES('329', '225', '10');
INSERT INTO monster_type(id, monster_id, type_id) VALUES('330', '226', '3');
INSERT INTO monster_type(id, monster_id, type_id) VALUES('331', '226', '10');
INSERT INTO monster_type(id, monster_id, type_id) VALUES('332', '227', '17');
INSERT INTO monster_type(id, monster_id, type_id) VALUES('333', '227', '10');
INSERT INTO monster_type(id, monster_id, type_id) VALUES('334', '228', '16');
INSERT INTO monster_type(id, monster_id, type_id) VALUES('335', '228', '2');
INSERT INTO monster_type(id, monster_id, type_id) VALUES('336', '229', '16');
INSERT INTO monster_type(id, monster_id, type_id) VALUES('337', '229', '2');
INSERT INTO monster_type(id, monster_id, type_id) VALUES('338', '230', '3');
INSERT INTO monster_type(id, monster_id, type_id) VALUES('339', '230', '15');
INSERT INTO monster_type(id, monster_id, type_id) VALUES('340', '231', '9');
INSERT INTO monster_type(id, monster_id, type_id) VALUES('341', '232', '9');
INSERT INTO monster_type(id, monster_id, type_id) VALUES('342', '233', '1');
INSERT INTO monster_type(id, monster_id, type_id) VALUES('343', '234', '1');
INSERT INTO monster_type(id, monster_id, type_id) VALUES('344', '235', '1');
INSERT INTO monster_type(id, monster_id, type_id) VALUES('345', '236', '7');
INSERT INTO monster_type(id, monster_id, type_id) VALUES('346', '237', '7');
INSERT INTO monster_type(id, monster_id, type_id) VALUES('347', '238', '6');
INSERT INTO monster_type(id, monster_id, type_id) VALUES('348', '238', '11');
INSERT INTO monster_type(id, monster_id, type_id) VALUES('349', '239', '4');
INSERT INTO monster_type(id, monster_id, type_id) VALUES('350', '240', '2');
INSERT INTO monster_type(id, monster_id, type_id) VALUES('351', '241', '1');
INSERT INTO monster_type(id, monster_id, type_id) VALUES('352', '242', '1');
INSERT INTO monster_type(id, monster_id, type_id) VALUES('353', '243', '4');
INSERT INTO monster_type(id, monster_id, type_id) VALUES('354', '244', '2');
INSERT INTO monster_type(id, monster_id, type_id) VALUES('355', '245', '3');
INSERT INTO monster_type(id, monster_id, type_id) VALUES('356', '246', '13');
INSERT INTO monster_type(id, monster_id, type_id) VALUES('357', '246', '9');
INSERT INTO monster_type(id, monster_id, type_id) VALUES('358', '247', '13');
INSERT INTO monster_type(id, monster_id, type_id) VALUES('359', '247', '9');
INSERT INTO monster_type(id, monster_id, type_id) VALUES('360', '248', '13');
INSERT INTO monster_type(id, monster_id, type_id) VALUES('361', '248', '16');
INSERT INTO monster_type(id, monster_id, type_id) VALUES('362', '249', '11');
INSERT INTO monster_type(id, monster_id, type_id) VALUES('363', '249', '10');
INSERT INTO monster_type(id, monster_id, type_id) VALUES('364', '250', '2');
INSERT INTO monster_type(id, monster_id, type_id) VALUES('365', '250', '10');
INSERT INTO monster_type(id, monster_id, type_id) VALUES('366', '251', '11');
INSERT INTO monster_type(id, monster_id, type_id) VALUES('367', '251', '5');
INSERT INTO monster_type(id, monster_id, type_id) VALUES('368', '252', '5');
INSERT INTO monster_type(id, monster_id, type_id) VALUES('369', '253', '5');
INSERT INTO monster_type(id, monster_id, type_id) VALUES('370', '254', '5');
INSERT INTO monster_type(id, monster_id, type_id) VALUES('371', '255', '2');
INSERT INTO monster_type(id, monster_id, type_id) VALUES('372', '256', '2');
INSERT INTO monster_type(id, monster_id, type_id) VALUES('373', '256', '7');
INSERT INTO monster_type(id, monster_id, type_id) VALUES('374', '257', '2');
INSERT INTO monster_type(id, monster_id, type_id) VALUES('375', '257', '7');
INSERT INTO monster_type(id, monster_id, type_id) VALUES('376', '258', '3');
INSERT INTO monster_type(id, monster_id, type_id) VALUES('377', '259', '3');
INSERT INTO monster_type(id, monster_id, type_id) VALUES('378', '259', '9');
INSERT INTO monster_type(id, monster_id, type_id) VALUES('379', '260', '3');
INSERT INTO monster_type(id, monster_id, type_id) VALUES('380', '260', '9');
INSERT INTO monster_type(id, monster_id, type_id) VALUES('381', '261', '16');
INSERT INTO monster_type(id, monster_id, type_id) VALUES('382', '262', '16');
INSERT INTO monster_type(id, monster_id, type_id) VALUES('383', '263', '1');
INSERT INTO monster_type(id, monster_id, type_id) VALUES('384', '264', '1');
INSERT INTO monster_type(id, monster_id, type_id) VALUES('385', '265', '12');
INSERT INTO monster_type(id, monster_id, type_id) VALUES('386', '266', '12');
INSERT INTO monster_type(id, monster_id, type_id) VALUES('387', '267', '12');
INSERT INTO monster_type(id, monster_id, type_id) VALUES('388', '267', '10');
INSERT INTO monster_type(id, monster_id, type_id) VALUES('389', '268', '12');
INSERT INTO monster_type(id, monster_id, type_id) VALUES('390', '269', '12');
INSERT INTO monster_type(id, monster_id, type_id) VALUES('391', '269', '8');
INSERT INTO monster_type(id, monster_id, type_id) VALUES('392', '270', '3');
INSERT INTO monster_type(id, monster_id, type_id) VALUES('393', '270', '5');
INSERT INTO monster_type(id, monster_id, type_id) VALUES('394', '271', '3');
INSERT INTO monster_type(id, monster_id, type_id) VALUES('395', '271', '5');
INSERT INTO monster_type(id, monster_id, type_id) VALUES('396', '272', '3');
INSERT INTO monster_type(id, monster_id, type_id) VALUES('397', '272', '5');
INSERT INTO monster_type(id, monster_id, type_id) VALUES('398', '273', '5');
INSERT INTO monster_type(id, monster_id, type_id) VALUES('399', '274', '5');
INSERT INTO monster_type(id, monster_id, type_id) VALUES('400', '274', '16');
INSERT INTO monster_type(id, monster_id, type_id) VALUES('401', '275', '5');
INSERT INTO monster_type(id, monster_id, type_id) VALUES('402', '275', '16');
INSERT INTO monster_type(id, monster_id, type_id) VALUES('403', '276', '1');
INSERT INTO monster_type(id, monster_id, type_id) VALUES('404', '276', '10');
INSERT INTO monster_type(id, monster_id, type_id) VALUES('405', '277', '1');
INSERT INTO monster_type(id, monster_id, type_id) VALUES('406', '277', '10');
INSERT INTO monster_type(id, monster_id, type_id) VALUES('407', '278', '3');
INSERT INTO monster_type(id, monster_id, type_id) VALUES('408', '278', '10');
INSERT INTO monster_type(id, monster_id, type_id) VALUES('409', '279', '3');
INSERT INTO monster_type(id, monster_id, type_id) VALUES('410', '279', '10');
INSERT INTO monster_type(id, monster_id, type_id) VALUES('411', '280', '11');
INSERT INTO monster_type(id, monster_id, type_id) VALUES('412', '280', '18');
INSERT INTO monster_type(id, monster_id, type_id) VALUES('413', '281', '11');
INSERT INTO monster_type(id, monster_id, type_id) VALUES('414', '281', '18');
INSERT INTO monster_type(id, monster_id, type_id) VALUES('415', '282', '11');
INSERT INTO monster_type(id, monster_id, type_id) VALUES('416', '282', '18');
INSERT INTO monster_type(id, monster_id, type_id) VALUES('417', '283', '12');
INSERT INTO monster_type(id, monster_id, type_id) VALUES('418', '283', '3');
INSERT INTO monster_type(id, monster_id, type_id) VALUES('419', '284', '12');
INSERT INTO monster_type(id, monster_id, type_id) VALUES('420', '284', '10');
INSERT INTO monster_type(id, monster_id, type_id) VALUES('421', '285', '5');
INSERT INTO monster_type(id, monster_id, type_id) VALUES('422', '286', '5');
INSERT INTO monster_type(id, monster_id, type_id) VALUES('423', '286', '7');
INSERT INTO monster_type(id, monster_id, type_id) VALUES('424', '287', '1');
INSERT INTO monster_type(id, monster_id, type_id) VALUES('425', '288', '1');
INSERT INTO monster_type(id, monster_id, type_id) VALUES('426', '289', '1');
INSERT INTO monster_type(id, monster_id, type_id) VALUES('427', '290', '12');
INSERT INTO monster_type(id, monster_id, type_id) VALUES('428', '290', '9');
INSERT INTO monster_type(id, monster_id, type_id) VALUES('429', '291', '12');
INSERT INTO monster_type(id, monster_id, type_id) VALUES('430', '291', '10');
INSERT INTO monster_type(id, monster_id, type_id) VALUES('431', '292', '12');
INSERT INTO monster_type(id, monster_id, type_id) VALUES('432', '292', '14');
INSERT INTO monster_type(id, monster_id, type_id) VALUES('433', '293', '1');
INSERT INTO monster_type(id, monster_id, type_id) VALUES('434', '294', '1');
INSERT INTO monster_type(id, monster_id, type_id) VALUES('435', '295', '1');
INSERT INTO monster_type(id, monster_id, type_id) VALUES('436', '296', '7');
INSERT INTO monster_type(id, monster_id, type_id) VALUES('437', '297', '7');
INSERT INTO monster_type(id, monster_id, type_id) VALUES('438', '298', '1');
INSERT INTO monster_type(id, monster_id, type_id) VALUES('439', '298', '18');
INSERT INTO monster_type(id, monster_id, type_id) VALUES('440', '299', '13');
INSERT INTO monster_type(id, monster_id, type_id) VALUES('441', '300', '1');
INSERT INTO monster_type(id, monster_id, type_id) VALUES('442', '301', '1');
INSERT INTO monster_type(id, monster_id, type_id) VALUES('443', '302', '16');
INSERT INTO monster_type(id, monster_id, type_id) VALUES('444', '302', '14');
INSERT INTO monster_type(id, monster_id, type_id) VALUES('445', '303', '17');
INSERT INTO monster_type(id, monster_id, type_id) VALUES('446', '303', '18');
INSERT INTO monster_type(id, monster_id, type_id) VALUES('447', '304', '17');
INSERT INTO monster_type(id, monster_id, type_id) VALUES('448', '304', '13');
INSERT INTO monster_type(id, monster_id, type_id) VALUES('449', '305', '17');
INSERT INTO monster_type(id, monster_id, type_id) VALUES('450', '305', '13');
INSERT INTO monster_type(id, monster_id, type_id) VALUES('451', '306', '17');
INSERT INTO monster_type(id, monster_id, type_id) VALUES('452', '306', '13');
INSERT INTO monster_type(id, monster_id, type_id) VALUES('453', '307', '7');
INSERT INTO monster_type(id, monster_id, type_id) VALUES('454', '307', '11');
INSERT INTO monster_type(id, monster_id, type_id) VALUES('455', '308', '7');
INSERT INTO monster_type(id, monster_id, type_id) VALUES('456', '308', '11');
INSERT INTO monster_type(id, monster_id, type_id) VALUES('457', '309', '4');
INSERT INTO monster_type(id, monster_id, type_id) VALUES('458', '310', '4');
INSERT INTO monster_type(id, monster_id, type_id) VALUES('459', '311', '4');
INSERT INTO monster_type(id, monster_id, type_id) VALUES('460', '312', '4');
INSERT INTO monster_type(id, monster_id, type_id) VALUES('461', '313', '12');
INSERT INTO monster_type(id, monster_id, type_id) VALUES('462', '314', '12');
INSERT INTO monster_type(id, monster_id, type_id) VALUES('463', '315', '5');
INSERT INTO monster_type(id, monster_id, type_id) VALUES('464', '315', '8');
INSERT INTO monster_type(id, monster_id, type_id) VALUES('465', '316', '8');
INSERT INTO monster_type(id, monster_id, type_id) VALUES('466', '317', '8');
INSERT INTO monster_type(id, monster_id, type_id) VALUES('467', '318', '3');
INSERT INTO monster_type(id, monster_id, type_id) VALUES('468', '318', '16');
INSERT INTO monster_type(id, monster_id, type_id) VALUES('469', '319', '3');
INSERT INTO monster_type(id, monster_id, type_id) VALUES('470', '319', '16');
INSERT INTO monster_type(id, monster_id, type_id) VALUES('471', '320', '3');
INSERT INTO monster_type(id, monster_id, type_id) VALUES('472', '321', '3');
INSERT INTO monster_type(id, monster_id, type_id) VALUES('473', '322', '2');
INSERT INTO monster_type(id, monster_id, type_id) VALUES('474', '322', '9');
INSERT INTO monster_type(id, monster_id, type_id) VALUES('475', '323', '2');
INSERT INTO monster_type(id, monster_id, type_id) VALUES('476', '323', '9');
INSERT INTO monster_type(id, monster_id, type_id) VALUES('477', '324', '2');
INSERT INTO monster_type(id, monster_id, type_id) VALUES('478', '325', '11');
INSERT INTO monster_type(id, monster_id, type_id) VALUES('479', '326', '11');
INSERT INTO monster_type(id, monster_id, type_id) VALUES('480', '327', '1');
INSERT INTO monster_type(id, monster_id, type_id) VALUES('481', '328', '9');
INSERT INTO monster_type(id, monster_id, type_id) VALUES('482', '329', '9');
INSERT INTO monster_type(id, monster_id, type_id) VALUES('483', '329', '15');
INSERT INTO monster_type(id, monster_id, type_id) VALUES('484', '330', '9');
INSERT INTO monster_type(id, monster_id, type_id) VALUES('485', '330', '15');
INSERT INTO monster_type(id, monster_id, type_id) VALUES('486', '331', '5');
INSERT INTO monster_type(id, monster_id, type_id) VALUES('487', '332', '5');
INSERT INTO monster_type(id, monster_id, type_id) VALUES('488', '332', '16');
INSERT INTO monster_type(id, monster_id, type_id) VALUES('489', '333', '1');
INSERT INTO monster_type(id, monster_id, type_id) VALUES('490', '333', '10');
INSERT INTO monster_type(id, monster_id, type_id) VALUES('491', '334', '15');
INSERT INTO monster_type(id, monster_id, type_id) VALUES('492', '334', '10');
INSERT INTO monster_type(id, monster_id, type_id) VALUES('493', '335', '1');
INSERT INTO monster_type(id, monster_id, type_id) VALUES('494', '336', '8');
INSERT INTO monster_type(id, monster_id, type_id) VALUES('495', '337', '13');
INSERT INTO monster_type(id, monster_id, type_id) VALUES('496', '337', '11');
INSERT INTO monster_type(id, monster_id, type_id) VALUES('497', '338', '13');
INSERT INTO monster_type(id, monster_id, type_id) VALUES('498', '338', '11');
INSERT INTO monster_type(id, monster_id, type_id) VALUES('499', '339', '3');
INSERT INTO monster_type(id, monster_id, type_id) VALUES('500', '339', '9');
INSERT INTO monster_type(id, monster_id, type_id) VALUES('501', '340', '3');
INSERT INTO monster_type(id, monster_id, type_id) VALUES('502', '340', '9');
INSERT INTO monster_type(id, monster_id, type_id) VALUES('503', '341', '3');
INSERT INTO monster_type(id, monster_id, type_id) VALUES('504', '342', '3');
INSERT INTO monster_type(id, monster_id, type_id) VALUES('505', '342', '16');
INSERT INTO monster_type(id, monster_id, type_id) VALUES('506', '343', '9');
INSERT INTO monster_type(id, monster_id, type_id) VALUES('507', '343', '11');
INSERT INTO monster_type(id, monster_id, type_id) VALUES('508', '344', '9');
INSERT INTO monster_type(id, monster_id, type_id) VALUES('509', '344', '11');
INSERT INTO monster_type(id, monster_id, type_id) VALUES('510', '345', '13');
INSERT INTO monster_type(id, monster_id, type_id) VALUES('511', '345', '5');
INSERT INTO monster_type(id, monster_id, type_id) VALUES('512', '346', '13');
INSERT INTO monster_type(id, monster_id, type_id) VALUES('513', '346', '5');
INSERT INTO monster_type(id, monster_id, type_id) VALUES('514', '347', '13');
INSERT INTO monster_type(id, monster_id, type_id) VALUES('515', '347', '12');
INSERT INTO monster_type(id, monster_id, type_id) VALUES('516', '348', '13');
INSERT INTO monster_type(id, monster_id, type_id) VALUES('517', '348', '12');
INSERT INTO monster_type(id, monster_id, type_id) VALUES('518', '349', '3');
INSERT INTO monster_type(id, monster_id, type_id) VALUES('519', '350', '3');
INSERT INTO monster_type(id, monster_id, type_id) VALUES('520', '351', '1');
INSERT INTO monster_type(id, monster_id, type_id) VALUES('521', '352', '1');
INSERT INTO monster_type(id, monster_id, type_id) VALUES('522', '353', '14');
INSERT INTO monster_type(id, monster_id, type_id) VALUES('523', '354', '14');
INSERT INTO monster_type(id, monster_id, type_id) VALUES('524', '355', '14');
INSERT INTO monster_type(id, monster_id, type_id) VALUES('525', '356', '14');
INSERT INTO monster_type(id, monster_id, type_id) VALUES('526', '357', '5');
INSERT INTO monster_type(id, monster_id, type_id) VALUES('527', '357', '10');
INSERT INTO monster_type(id, monster_id, type_id) VALUES('528', '358', '11');
INSERT INTO monster_type(id, monster_id, type_id) VALUES('529', '359', '16');
INSERT INTO monster_type(id, monster_id, type_id) VALUES('530', '360', '11');
INSERT INTO monster_type(id, monster_id, type_id) VALUES('531', '361', '6');
INSERT INTO monster_type(id, monster_id, type_id) VALUES('532', '362', '6');
INSERT INTO monster_type(id, monster_id, type_id) VALUES('533', '363', '6');
INSERT INTO monster_type(id, monster_id, type_id) VALUES('534', '363', '3');
INSERT INTO monster_type(id, monster_id, type_id) VALUES('535', '364', '6');
INSERT INTO monster_type(id, monster_id, type_id) VALUES('536', '364', '3');
INSERT INTO monster_type(id, monster_id, type_id) VALUES('537', '365', '6');
INSERT INTO monster_type(id, monster_id, type_id) VALUES('538', '365', '3');
INSERT INTO monster_type(id, monster_id, type_id) VALUES('539', '366', '3');
INSERT INTO monster_type(id, monster_id, type_id) VALUES('540', '367', '3');
INSERT INTO monster_type(id, monster_id, type_id) VALUES('541', '368', '3');
INSERT INTO monster_type(id, monster_id, type_id) VALUES('542', '369', '3');
INSERT INTO monster_type(id, monster_id, type_id) VALUES('543', '369', '13');
INSERT INTO monster_type(id, monster_id, type_id) VALUES('544', '370', '3');
INSERT INTO monster_type(id, monster_id, type_id) VALUES('545', '371', '15');
INSERT INTO monster_type(id, monster_id, type_id) VALUES('546', '372', '15');
INSERT INTO monster_type(id, monster_id, type_id) VALUES('547', '373', '15');
INSERT INTO monster_type(id, monster_id, type_id) VALUES('548', '373', '10');
INSERT INTO monster_type(id, monster_id, type_id) VALUES('549', '374', '17');
INSERT INTO monster_type(id, monster_id, type_id) VALUES('550', '374', '11');
INSERT INTO monster_type(id, monster_id, type_id) VALUES('551', '375', '17');
INSERT INTO monster_type(id, monster_id, type_id) VALUES('552', '375', '11');
INSERT INTO monster_type(id, monster_id, type_id) VALUES('553', '376', '17');
INSERT INTO monster_type(id, monster_id, type_id) VALUES('554', '376', '11');
INSERT INTO monster_type(id, monster_id, type_id) VALUES('555', '377', '13');
INSERT INTO monster_type(id, monster_id, type_id) VALUES('556', '378', '6');
INSERT INTO monster_type(id, monster_id, type_id) VALUES('557', '379', '17');
INSERT INTO monster_type(id, monster_id, type_id) VALUES('558', '380', '15');
INSERT INTO monster_type(id, monster_id, type_id) VALUES('559', '380', '11');
INSERT INTO monster_type(id, monster_id, type_id) VALUES('560', '381', '15');
INSERT INTO monster_type(id, monster_id, type_id) VALUES('561', '381', '11');
INSERT INTO monster_type(id, monster_id, type_id) VALUES('562', '382', '3');
INSERT INTO monster_type(id, monster_id, type_id) VALUES('563', '383', '9');
INSERT INTO monster_type(id, monster_id, type_id) VALUES('564', '384', '15');
INSERT INTO monster_type(id, monster_id, type_id) VALUES('565', '384', '10');
INSERT INTO monster_type(id, monster_id, type_id) VALUES('566', '385', '17');
INSERT INTO monster_type(id, monster_id, type_id) VALUES('567', '385', '11');
INSERT INTO monster_type(id, monster_id, type_id) VALUES('568', '386', '11');
INSERT INTO monster_type(id, monster_id, type_id) VALUES('569', '387', '5');
INSERT INTO monster_type(id, monster_id, type_id) VALUES('570', '388', '5');
INSERT INTO monster_type(id, monster_id, type_id) VALUES('571', '389', '5');
INSERT INTO monster_type(id, monster_id, type_id) VALUES('572', '389', '9');
INSERT INTO monster_type(id, monster_id, type_id) VALUES('573', '390', '2');
INSERT INTO monster_type(id, monster_id, type_id) VALUES('574', '391', '2');
INSERT INTO monster_type(id, monster_id, type_id) VALUES('575', '391', '7');
INSERT INTO monster_type(id, monster_id, type_id) VALUES('576', '392', '2');
INSERT INTO monster_type(id, monster_id, type_id) VALUES('577', '392', '7');
INSERT INTO monster_type(id, monster_id, type_id) VALUES('578', '393', '3');
INSERT INTO monster_type(id, monster_id, type_id) VALUES('579', '394', '3');
INSERT INTO monster_type(id, monster_id, type_id) VALUES('580', '395', '3');
INSERT INTO monster_type(id, monster_id, type_id) VALUES('581', '395', '17');
INSERT INTO monster_type(id, monster_id, type_id) VALUES('582', '396', '1');
INSERT INTO monster_type(id, monster_id, type_id) VALUES('583', '396', '10');
INSERT INTO monster_type(id, monster_id, type_id) VALUES('584', '397', '1');
INSERT INTO monster_type(id, monster_id, type_id) VALUES('585', '397', '10');
INSERT INTO monster_type(id, monster_id, type_id) VALUES('586', '398', '1');
INSERT INTO monster_type(id, monster_id, type_id) VALUES('587', '398', '10');
INSERT INTO monster_type(id, monster_id, type_id) VALUES('588', '399', '1');
INSERT INTO monster_type(id, monster_id, type_id) VALUES('589', '400', '1');
INSERT INTO monster_type(id, monster_id, type_id) VALUES('590', '400', '3');
INSERT INTO monster_type(id, monster_id, type_id) VALUES('591', '401', '12');
INSERT INTO monster_type(id, monster_id, type_id) VALUES('592', '402', '12');
INSERT INTO monster_type(id, monster_id, type_id) VALUES('593', '403', '4');
INSERT INTO monster_type(id, monster_id, type_id) VALUES('594', '404', '4');
INSERT INTO monster_type(id, monster_id, type_id) VALUES('595', '405', '4');
INSERT INTO monster_type(id, monster_id, type_id) VALUES('596', '406', '5');
INSERT INTO monster_type(id, monster_id, type_id) VALUES('597', '406', '8');
INSERT INTO monster_type(id, monster_id, type_id) VALUES('598', '407', '5');
INSERT INTO monster_type(id, monster_id, type_id) VALUES('599', '407', '8');
INSERT INTO monster_type(id, monster_id, type_id) VALUES('600', '408', '13');
INSERT INTO monster_type(id, monster_id, type_id) VALUES('601', '409', '13');
INSERT INTO monster_type(id, monster_id, type_id) VALUES('602', '410', '13');
INSERT INTO monster_type(id, monster_id, type_id) VALUES('603', '410', '17');
INSERT INTO monster_type(id, monster_id, type_id) VALUES('604', '411', '13');
INSERT INTO monster_type(id, monster_id, type_id) VALUES('605', '411', '17');
INSERT INTO monster_type(id, monster_id, type_id) VALUES('606', '412', '12');
INSERT INTO monster_type(id, monster_id, type_id) VALUES('607', '413', '12');
INSERT INTO monster_type(id, monster_id, type_id) VALUES('608', '413', '5');
INSERT INTO monster_type(id, monster_id, type_id) VALUES('609', '414', '12');
INSERT INTO monster_type(id, monster_id, type_id) VALUES('610', '414', '10');
INSERT INTO monster_type(id, monster_id, type_id) VALUES('611', '415', '12');
INSERT INTO monster_type(id, monster_id, type_id) VALUES('612', '415', '10');
INSERT INTO monster_type(id, monster_id, type_id) VALUES('613', '416', '12');
INSERT INTO monster_type(id, monster_id, type_id) VALUES('614', '416', '10');
INSERT INTO monster_type(id, monster_id, type_id) VALUES('615', '417', '4');
INSERT INTO monster_type(id, monster_id, type_id) VALUES('616', '418', '3');
INSERT INTO monster_type(id, monster_id, type_id) VALUES('617', '419', '3');
INSERT INTO monster_type(id, monster_id, type_id) VALUES('618', '420', '5');
INSERT INTO monster_type(id, monster_id, type_id) VALUES('619', '421', '5');
INSERT INTO monster_type(id, monster_id, type_id) VALUES('620', '422', '3');
INSERT INTO monster_type(id, monster_id, type_id) VALUES('621', '423', '3');
INSERT INTO monster_type(id, monster_id, type_id) VALUES('622', '423', '9');
INSERT INTO monster_type(id, monster_id, type_id) VALUES('623', '424', '1');
INSERT INTO monster_type(id, monster_id, type_id) VALUES('624', '425', '14');
INSERT INTO monster_type(id, monster_id, type_id) VALUES('625', '425', '10');
INSERT INTO monster_type(id, monster_id, type_id) VALUES('626', '426', '14');
INSERT INTO monster_type(id, monster_id, type_id) VALUES('627', '426', '10');
INSERT INTO monster_type(id, monster_id, type_id) VALUES('628', '427', '1');
INSERT INTO monster_type(id, monster_id, type_id) VALUES('629', '428', '1');
INSERT INTO monster_type(id, monster_id, type_id) VALUES('630', '429', '14');
INSERT INTO monster_type(id, monster_id, type_id) VALUES('631', '430', '16');
INSERT INTO monster_type(id, monster_id, type_id) VALUES('632', '430', '10');
INSERT INTO monster_type(id, monster_id, type_id) VALUES('633', '431', '1');
INSERT INTO monster_type(id, monster_id, type_id) VALUES('634', '432', '1');
INSERT INTO monster_type(id, monster_id, type_id) VALUES('635', '433', '11');
INSERT INTO monster_type(id, monster_id, type_id) VALUES('636', '434', '8');
INSERT INTO monster_type(id, monster_id, type_id) VALUES('637', '434', '16');
INSERT INTO monster_type(id, monster_id, type_id) VALUES('638', '435', '8');
INSERT INTO monster_type(id, monster_id, type_id) VALUES('639', '435', '16');
INSERT INTO monster_type(id, monster_id, type_id) VALUES('640', '436', '17');
INSERT INTO monster_type(id, monster_id, type_id) VALUES('641', '436', '11');
INSERT INTO monster_type(id, monster_id, type_id) VALUES('642', '437', '17');
INSERT INTO monster_type(id, monster_id, type_id) VALUES('643', '437', '11');
INSERT INTO monster_type(id, monster_id, type_id) VALUES('644', '438', '13');
INSERT INTO monster_type(id, monster_id, type_id) VALUES('645', '439', '11');
INSERT INTO monster_type(id, monster_id, type_id) VALUES('646', '439', '18');
INSERT INTO monster_type(id, monster_id, type_id) VALUES('647', '440', '1');
INSERT INTO monster_type(id, monster_id, type_id) VALUES('648', '441', '1');
INSERT INTO monster_type(id, monster_id, type_id) VALUES('649', '441', '10');
INSERT INTO monster_type(id, monster_id, type_id) VALUES('650', '442', '14');
INSERT INTO monster_type(id, monster_id, type_id) VALUES('651', '442', '16');
INSERT INTO monster_type(id, monster_id, type_id) VALUES('652', '443', '15');
INSERT INTO monster_type(id, monster_id, type_id) VALUES('653', '443', '9');
INSERT INTO monster_type(id, monster_id, type_id) VALUES('654', '444', '15');
INSERT INTO monster_type(id, monster_id, type_id) VALUES('655', '444', '9');
INSERT INTO monster_type(id, monster_id, type_id) VALUES('656', '445', '15');
INSERT INTO monster_type(id, monster_id, type_id) VALUES('657', '445', '9');
INSERT INTO monster_type(id, monster_id, type_id) VALUES('658', '446', '1');
INSERT INTO monster_type(id, monster_id, type_id) VALUES('659', '447', '7');
INSERT INTO monster_type(id, monster_id, type_id) VALUES('660', '448', '7');
INSERT INTO monster_type(id, monster_id, type_id) VALUES('661', '448', '17');
INSERT INTO monster_type(id, monster_id, type_id) VALUES('662', '449', '9');
INSERT INTO monster_type(id, monster_id, type_id) VALUES('663', '450', '9');
INSERT INTO monster_type(id, monster_id, type_id) VALUES('664', '451', '8');
INSERT INTO monster_type(id, monster_id, type_id) VALUES('665', '451', '12');
INSERT INTO monster_type(id, monster_id, type_id) VALUES('666', '452', '8');
INSERT INTO monster_type(id, monster_id, type_id) VALUES('667', '452', '16');
INSERT INTO monster_type(id, monster_id, type_id) VALUES('668', '453', '8');
INSERT INTO monster_type(id, monster_id, type_id) VALUES('669', '453', '7');
INSERT INTO monster_type(id, monster_id, type_id) VALUES('670', '454', '8');
INSERT INTO monster_type(id, monster_id, type_id) VALUES('671', '454', '7');
INSERT INTO monster_type(id, monster_id, type_id) VALUES('672', '455', '5');
INSERT INTO monster_type(id, monster_id, type_id) VALUES('673', '456', '3');
INSERT INTO monster_type(id, monster_id, type_id) VALUES('674', '457', '3');
INSERT INTO monster_type(id, monster_id, type_id) VALUES('675', '458', '3');
INSERT INTO monster_type(id, monster_id, type_id) VALUES('676', '458', '10');
INSERT INTO monster_type(id, monster_id, type_id) VALUES('677', '459', '5');
INSERT INTO monster_type(id, monster_id, type_id) VALUES('678', '459', '6');
INSERT INTO monster_type(id, monster_id, type_id) VALUES('679', '460', '5');
INSERT INTO monster_type(id, monster_id, type_id) VALUES('680', '460', '6');
INSERT INTO monster_type(id, monster_id, type_id) VALUES('681', '461', '16');
INSERT INTO monster_type(id, monster_id, type_id) VALUES('682', '461', '6');
INSERT INTO monster_type(id, monster_id, type_id) VALUES('683', '462', '4');
INSERT INTO monster_type(id, monster_id, type_id) VALUES('684', '462', '17');
INSERT INTO monster_type(id, monster_id, type_id) VALUES('685', '463', '1');
INSERT INTO monster_type(id, monster_id, type_id) VALUES('686', '464', '9');
INSERT INTO monster_type(id, monster_id, type_id) VALUES('687', '464', '13');
INSERT INTO monster_type(id, monster_id, type_id) VALUES('688', '465', '5');
INSERT INTO monster_type(id, monster_id, type_id) VALUES('689', '466', '4');
INSERT INTO monster_type(id, monster_id, type_id) VALUES('690', '467', '2');
INSERT INTO monster_type(id, monster_id, type_id) VALUES('691', '468', '18');
INSERT INTO monster_type(id, monster_id, type_id) VALUES('692', '468', '10');
INSERT INTO monster_type(id, monster_id, type_id) VALUES('693', '469', '12');
INSERT INTO monster_type(id, monster_id, type_id) VALUES('694', '469', '10');
INSERT INTO monster_type(id, monster_id, type_id) VALUES('695', '470', '5');
INSERT INTO monster_type(id, monster_id, type_id) VALUES('696', '471', '6');
INSERT INTO monster_type(id, monster_id, type_id) VALUES('697', '472', '9');
INSERT INTO monster_type(id, monster_id, type_id) VALUES('698', '472', '10');
INSERT INTO monster_type(id, monster_id, type_id) VALUES('699', '473', '6');
INSERT INTO monster_type(id, monster_id, type_id) VALUES('700', '473', '9');
INSERT INTO monster_type(id, monster_id, type_id) VALUES('701', '474', '1');
INSERT INTO monster_type(id, monster_id, type_id) VALUES('702', '475', '11');
INSERT INTO monster_type(id, monster_id, type_id) VALUES('703', '475', '7');
INSERT INTO monster_type(id, monster_id, type_id) VALUES('704', '476', '13');
INSERT INTO monster_type(id, monster_id, type_id) VALUES('705', '476', '17');
INSERT INTO monster_type(id, monster_id, type_id) VALUES('706', '477', '14');
INSERT INTO monster_type(id, monster_id, type_id) VALUES('707', '478', '6');
INSERT INTO monster_type(id, monster_id, type_id) VALUES('708', '478', '14');
INSERT INTO monster_type(id, monster_id, type_id) VALUES('709', '479', '4');
INSERT INTO monster_type(id, monster_id, type_id) VALUES('710', '479', '14');
INSERT INTO monster_type(id, monster_id, type_id) VALUES('711', '480', '11');
INSERT INTO monster_type(id, monster_id, type_id) VALUES('712', '481', '11');
INSERT INTO monster_type(id, monster_id, type_id) VALUES('713', '482', '11');
INSERT INTO monster_type(id, monster_id, type_id) VALUES('714', '483', '17');
INSERT INTO monster_type(id, monster_id, type_id) VALUES('715', '483', '15');
INSERT INTO monster_type(id, monster_id, type_id) VALUES('716', '484', '3');
INSERT INTO monster_type(id, monster_id, type_id) VALUES('717', '484', '15');
INSERT INTO monster_type(id, monster_id, type_id) VALUES('718', '485', '2');
INSERT INTO monster_type(id, monster_id, type_id) VALUES('719', '485', '17');
INSERT INTO monster_type(id, monster_id, type_id) VALUES('720', '486', '1');
INSERT INTO monster_type(id, monster_id, type_id) VALUES('721', '487', '14');
INSERT INTO monster_type(id, monster_id, type_id) VALUES('722', '487', '15');
INSERT INTO monster_type(id, monster_id, type_id) VALUES('723', '488', '11');
INSERT INTO monster_type(id, monster_id, type_id) VALUES('724', '489', '3');
INSERT INTO monster_type(id, monster_id, type_id) VALUES('725', '490', '3');
INSERT INTO monster_type(id, monster_id, type_id) VALUES('726', '491', '16');
INSERT INTO monster_type(id, monster_id, type_id) VALUES('727', '492', '5');
INSERT INTO monster_type(id, monster_id, type_id) VALUES('728', '493', '1');
INSERT INTO monster_type(id, monster_id, type_id) VALUES('729', '494', '11');
INSERT INTO monster_type(id, monster_id, type_id) VALUES('730', '494', '2');
INSERT INTO monster_type(id, monster_id, type_id) VALUES('731', '495', '5');
INSERT INTO monster_type(id, monster_id, type_id) VALUES('732', '496', '5');
INSERT INTO monster_type(id, monster_id, type_id) VALUES('733', '497', '5');
INSERT INTO monster_type(id, monster_id, type_id) VALUES('734', '498', '2');
INSERT INTO monster_type(id, monster_id, type_id) VALUES('735', '499', '2');
INSERT INTO monster_type(id, monster_id, type_id) VALUES('736', '499', '7');
INSERT INTO monster_type(id, monster_id, type_id) VALUES('737', '500', '2');
INSERT INTO monster_type(id, monster_id, type_id) VALUES('738', '500', '7');
INSERT INTO monster_type(id, monster_id, type_id) VALUES('739', '501', '3');
INSERT INTO monster_type(id, monster_id, type_id) VALUES('740', '502', '3');
INSERT INTO monster_type(id, monster_id, type_id) VALUES('741', '503', '3');
INSERT INTO monster_type(id, monster_id, type_id) VALUES('742', '504', '1');
INSERT INTO monster_type(id, monster_id, type_id) VALUES('743', '505', '1');
INSERT INTO monster_type(id, monster_id, type_id) VALUES('744', '506', '1');
INSERT INTO monster_type(id, monster_id, type_id) VALUES('745', '507', '1');
INSERT INTO monster_type(id, monster_id, type_id) VALUES('746', '508', '1');
INSERT INTO monster_type(id, monster_id, type_id) VALUES('747', '509', '16');
INSERT INTO monster_type(id, monster_id, type_id) VALUES('748', '510', '16');
INSERT INTO monster_type(id, monster_id, type_id) VALUES('749', '511', '5');
INSERT INTO monster_type(id, monster_id, type_id) VALUES('750', '512', '5');
INSERT INTO monster_type(id, monster_id, type_id) VALUES('751', '513', '2');
INSERT INTO monster_type(id, monster_id, type_id) VALUES('752', '514', '2');
INSERT INTO monster_type(id, monster_id, type_id) VALUES('753', '515', '3');
INSERT INTO monster_type(id, monster_id, type_id) VALUES('754', '516', '3');
INSERT INTO monster_type(id, monster_id, type_id) VALUES('755', '517', '11');
INSERT INTO monster_type(id, monster_id, type_id) VALUES('756', '518', '11');
INSERT INTO monster_type(id, monster_id, type_id) VALUES('757', '519', '1');
INSERT INTO monster_type(id, monster_id, type_id) VALUES('758', '519', '10');
INSERT INTO monster_type(id, monster_id, type_id) VALUES('759', '520', '1');
INSERT INTO monster_type(id, monster_id, type_id) VALUES('760', '520', '10');
INSERT INTO monster_type(id, monster_id, type_id) VALUES('761', '521', '1');
INSERT INTO monster_type(id, monster_id, type_id) VALUES('762', '521', '10');
INSERT INTO monster_type(id, monster_id, type_id) VALUES('763', '522', '4');
INSERT INTO monster_type(id, monster_id, type_id) VALUES('764', '523', '4');
INSERT INTO monster_type(id, monster_id, type_id) VALUES('765', '524', '13');
INSERT INTO monster_type(id, monster_id, type_id) VALUES('766', '525', '13');
INSERT INTO monster_type(id, monster_id, type_id) VALUES('767', '526', '13');
INSERT INTO monster_type(id, monster_id, type_id) VALUES('768', '527', '11');
INSERT INTO monster_type(id, monster_id, type_id) VALUES('769', '527', '10');
INSERT INTO monster_type(id, monster_id, type_id) VALUES('770', '528', '11');
INSERT INTO monster_type(id, monster_id, type_id) VALUES('771', '528', '10');
INSERT INTO monster_type(id, monster_id, type_id) VALUES('772', '529', '9');
INSERT INTO monster_type(id, monster_id, type_id) VALUES('773', '530', '9');
INSERT INTO monster_type(id, monster_id, type_id) VALUES('774', '530', '17');
INSERT INTO monster_type(id, monster_id, type_id) VALUES('775', '531', '1');
INSERT INTO monster_type(id, monster_id, type_id) VALUES('776', '532', '7');
INSERT INTO monster_type(id, monster_id, type_id) VALUES('777', '533', '7');
INSERT INTO monster_type(id, monster_id, type_id) VALUES('778', '534', '7');
INSERT INTO monster_type(id, monster_id, type_id) VALUES('779', '535', '3');
INSERT INTO monster_type(id, monster_id, type_id) VALUES('780', '536', '3');
INSERT INTO monster_type(id, monster_id, type_id) VALUES('781', '536', '9');
INSERT INTO monster_type(id, monster_id, type_id) VALUES('782', '537', '3');
INSERT INTO monster_type(id, monster_id, type_id) VALUES('783', '537', '9');
INSERT INTO monster_type(id, monster_id, type_id) VALUES('784', '538', '7');
INSERT INTO monster_type(id, monster_id, type_id) VALUES('785', '539', '7');
INSERT INTO monster_type(id, monster_id, type_id) VALUES('786', '540', '12');
INSERT INTO monster_type(id, monster_id, type_id) VALUES('787', '540', '5');
INSERT INTO monster_type(id, monster_id, type_id) VALUES('788', '541', '12');
INSERT INTO monster_type(id, monster_id, type_id) VALUES('789', '541', '5');
INSERT INTO monster_type(id, monster_id, type_id) VALUES('790', '542', '12');
INSERT INTO monster_type(id, monster_id, type_id) VALUES('791', '542', '5');
INSERT INTO monster_type(id, monster_id, type_id) VALUES('792', '543', '12');
INSERT INTO monster_type(id, monster_id, type_id) VALUES('793', '543', '8');
INSERT INTO monster_type(id, monster_id, type_id) VALUES('794', '544', '12');
INSERT INTO monster_type(id, monster_id, type_id) VALUES('795', '544', '8');
INSERT INTO monster_type(id, monster_id, type_id) VALUES('796', '545', '12');
INSERT INTO monster_type(id, monster_id, type_id) VALUES('797', '545', '8');
INSERT INTO monster_type(id, monster_id, type_id) VALUES('798', '546', '5');
INSERT INTO monster_type(id, monster_id, type_id) VALUES('799', '547', '5');
INSERT INTO monster_type(id, monster_id, type_id) VALUES('800', '547', '18');
INSERT INTO monster_type(id, monster_id, type_id) VALUES('801', '548', '5');
INSERT INTO monster_type(id, monster_id, type_id) VALUES('802', '549', '5');
INSERT INTO monster_type(id, monster_id, type_id) VALUES('803', '550', '3');
INSERT INTO monster_type(id, monster_id, type_id) VALUES('804', '551', '9');
INSERT INTO monster_type(id, monster_id, type_id) VALUES('805', '551', '16');
INSERT INTO monster_type(id, monster_id, type_id) VALUES('806', '552', '9');
INSERT INTO monster_type(id, monster_id, type_id) VALUES('807', '552', '16');
INSERT INTO monster_type(id, monster_id, type_id) VALUES('808', '553', '9');
INSERT INTO monster_type(id, monster_id, type_id) VALUES('809', '553', '16');
INSERT INTO monster_type(id, monster_id, type_id) VALUES('810', '554', '2');
INSERT INTO monster_type(id, monster_id, type_id) VALUES('811', '555', '2');
INSERT INTO monster_type(id, monster_id, type_id) VALUES('812', '556', '5');
INSERT INTO monster_type(id, monster_id, type_id) VALUES('813', '557', '12');
INSERT INTO monster_type(id, monster_id, type_id) VALUES('814', '557', '13');
INSERT INTO monster_type(id, monster_id, type_id) VALUES('815', '558', '12');
INSERT INTO monster_type(id, monster_id, type_id) VALUES('816', '558', '13');
INSERT INTO monster_type(id, monster_id, type_id) VALUES('817', '559', '16');
INSERT INTO monster_type(id, monster_id, type_id) VALUES('818', '559', '7');
INSERT INTO monster_type(id, monster_id, type_id) VALUES('819', '560', '16');
INSERT INTO monster_type(id, monster_id, type_id) VALUES('820', '560', '7');
INSERT INTO monster_type(id, monster_id, type_id) VALUES('821', '561', '11');
INSERT INTO monster_type(id, monster_id, type_id) VALUES('822', '561', '10');
INSERT INTO monster_type(id, monster_id, type_id) VALUES('823', '562', '14');
INSERT INTO monster_type(id, monster_id, type_id) VALUES('824', '563', '14');
INSERT INTO monster_type(id, monster_id, type_id) VALUES('825', '564', '3');
INSERT INTO monster_type(id, monster_id, type_id) VALUES('826', '564', '13');
INSERT INTO monster_type(id, monster_id, type_id) VALUES('827', '565', '3');
INSERT INTO monster_type(id, monster_id, type_id) VALUES('828', '565', '13');
INSERT INTO monster_type(id, monster_id, type_id) VALUES('829', '566', '13');
INSERT INTO monster_type(id, monster_id, type_id) VALUES('830', '566', '10');
INSERT INTO monster_type(id, monster_id, type_id) VALUES('831', '567', '13');
INSERT INTO monster_type(id, monster_id, type_id) VALUES('832', '567', '10');
INSERT INTO monster_type(id, monster_id, type_id) VALUES('833', '568', '8');
INSERT INTO monster_type(id, monster_id, type_id) VALUES('834', '569', '8');
INSERT INTO monster_type(id, monster_id, type_id) VALUES('835', '570', '16');
INSERT INTO monster_type(id, monster_id, type_id) VALUES('836', '571', '16');
INSERT INTO monster_type(id, monster_id, type_id) VALUES('837', '572', '1');
INSERT INTO monster_type(id, monster_id, type_id) VALUES('838', '573', '1');
INSERT INTO monster_type(id, monster_id, type_id) VALUES('839', '574', '11');
INSERT INTO monster_type(id, monster_id, type_id) VALUES('840', '575', '11');
INSERT INTO monster_type(id, monster_id, type_id) VALUES('841', '576', '11');
INSERT INTO monster_type(id, monster_id, type_id) VALUES('842', '577', '11');
INSERT INTO monster_type(id, monster_id, type_id) VALUES('843', '578', '11');
INSERT INTO monster_type(id, monster_id, type_id) VALUES('844', '579', '11');
INSERT INTO monster_type(id, monster_id, type_id) VALUES('845', '580', '3');
INSERT INTO monster_type(id, monster_id, type_id) VALUES('846', '580', '10');
INSERT INTO monster_type(id, monster_id, type_id) VALUES('847', '581', '3');
INSERT INTO monster_type(id, monster_id, type_id) VALUES('848', '581', '10');
INSERT INTO monster_type(id, monster_id, type_id) VALUES('849', '582', '6');
INSERT INTO monster_type(id, monster_id, type_id) VALUES('850', '583', '6');
INSERT INTO monster_type(id, monster_id, type_id) VALUES('851', '584', '6');
INSERT INTO monster_type(id, monster_id, type_id) VALUES('852', '585', '1');
INSERT INTO monster_type(id, monster_id, type_id) VALUES('853', '585', '5');
INSERT INTO monster_type(id, monster_id, type_id) VALUES('854', '586', '1');
INSERT INTO monster_type(id, monster_id, type_id) VALUES('855', '586', '5');
INSERT INTO monster_type(id, monster_id, type_id) VALUES('856', '587', '4');
INSERT INTO monster_type(id, monster_id, type_id) VALUES('857', '587', '10');
INSERT INTO monster_type(id, monster_id, type_id) VALUES('858', '588', '12');
INSERT INTO monster_type(id, monster_id, type_id) VALUES('859', '589', '12');
INSERT INTO monster_type(id, monster_id, type_id) VALUES('860', '589', '17');
INSERT INTO monster_type(id, monster_id, type_id) VALUES('861', '590', '5');
INSERT INTO monster_type(id, monster_id, type_id) VALUES('862', '590', '8');
INSERT INTO monster_type(id, monster_id, type_id) VALUES('863', '591', '5');
INSERT INTO monster_type(id, monster_id, type_id) VALUES('864', '591', '8');
INSERT INTO monster_type(id, monster_id, type_id) VALUES('865', '592', '3');
INSERT INTO monster_type(id, monster_id, type_id) VALUES('866', '592', '14');
INSERT INTO monster_type(id, monster_id, type_id) VALUES('867', '593', '3');
INSERT INTO monster_type(id, monster_id, type_id) VALUES('868', '593', '14');
INSERT INTO monster_type(id, monster_id, type_id) VALUES('869', '594', '3');
INSERT INTO monster_type(id, monster_id, type_id) VALUES('870', '595', '12');
INSERT INTO monster_type(id, monster_id, type_id) VALUES('871', '595', '4');
INSERT INTO monster_type(id, monster_id, type_id) VALUES('872', '596', '12');
INSERT INTO monster_type(id, monster_id, type_id) VALUES('873', '596', '4');
INSERT INTO monster_type(id, monster_id, type_id) VALUES('874', '597', '5');
INSERT INTO monster_type(id, monster_id, type_id) VALUES('875', '597', '17');
INSERT INTO monster_type(id, monster_id, type_id) VALUES('876', '598', '5');
INSERT INTO monster_type(id, monster_id, type_id) VALUES('877', '598', '17');
INSERT INTO monster_type(id, monster_id, type_id) VALUES('878', '599', '17');
INSERT INTO monster_type(id, monster_id, type_id) VALUES('879', '600', '17');
INSERT INTO monster_type(id, monster_id, type_id) VALUES('880', '601', '17');
INSERT INTO monster_type(id, monster_id, type_id) VALUES('881', '602', '4');
INSERT INTO monster_type(id, monster_id, type_id) VALUES('882', '603', '4');
INSERT INTO monster_type(id, monster_id, type_id) VALUES('883', '604', '4');
INSERT INTO monster_type(id, monster_id, type_id) VALUES('884', '605', '11');
INSERT INTO monster_type(id, monster_id, type_id) VALUES('885', '606', '11');
INSERT INTO monster_type(id, monster_id, type_id) VALUES('886', '607', '14');
INSERT INTO monster_type(id, monster_id, type_id) VALUES('887', '607', '2');
INSERT INTO monster_type(id, monster_id, type_id) VALUES('888', '608', '14');
INSERT INTO monster_type(id, monster_id, type_id) VALUES('889', '608', '2');
INSERT INTO monster_type(id, monster_id, type_id) VALUES('890', '609', '14');
INSERT INTO monster_type(id, monster_id, type_id) VALUES('891', '609', '2');
INSERT INTO monster_type(id, monster_id, type_id) VALUES('892', '610', '15');
INSERT INTO monster_type(id, monster_id, type_id) VALUES('893', '611', '15');
INSERT INTO monster_type(id, monster_id, type_id) VALUES('894', '612', '15');
INSERT INTO monster_type(id, monster_id, type_id) VALUES('895', '613', '6');
INSERT INTO monster_type(id, monster_id, type_id) VALUES('896', '614', '6');
INSERT INTO monster_type(id, monster_id, type_id) VALUES('897', '615', '6');
INSERT INTO monster_type(id, monster_id, type_id) VALUES('898', '616', '12');
INSERT INTO monster_type(id, monster_id, type_id) VALUES('899', '617', '12');
INSERT INTO monster_type(id, monster_id, type_id) VALUES('900', '618', '9');
INSERT INTO monster_type(id, monster_id, type_id) VALUES('901', '618', '4');
INSERT INTO monster_type(id, monster_id, type_id) VALUES('902', '619', '7');
INSERT INTO monster_type(id, monster_id, type_id) VALUES('903', '620', '7');
INSERT INTO monster_type(id, monster_id, type_id) VALUES('904', '621', '15');
INSERT INTO monster_type(id, monster_id, type_id) VALUES('905', '622', '9');
INSERT INTO monster_type(id, monster_id, type_id) VALUES('906', '622', '14');
INSERT INTO monster_type(id, monster_id, type_id) VALUES('907', '623', '9');
INSERT INTO monster_type(id, monster_id, type_id) VALUES('908', '623', '14');
INSERT INTO monster_type(id, monster_id, type_id) VALUES('909', '624', '16');
INSERT INTO monster_type(id, monster_id, type_id) VALUES('910', '624', '17');
INSERT INTO monster_type(id, monster_id, type_id) VALUES('911', '625', '16');
INSERT INTO monster_type(id, monster_id, type_id) VALUES('912', '625', '17');
INSERT INTO monster_type(id, monster_id, type_id) VALUES('913', '626', '1');
INSERT INTO monster_type(id, monster_id, type_id) VALUES('914', '627', '1');
INSERT INTO monster_type(id, monster_id, type_id) VALUES('915', '627', '10');
INSERT INTO monster_type(id, monster_id, type_id) VALUES('916', '628', '1');
INSERT INTO monster_type(id, monster_id, type_id) VALUES('917', '628', '10');
INSERT INTO monster_type(id, monster_id, type_id) VALUES('918', '629', '16');
INSERT INTO monster_type(id, monster_id, type_id) VALUES('919', '629', '10');
INSERT INTO monster_type(id, monster_id, type_id) VALUES('920', '630', '16');
INSERT INTO monster_type(id, monster_id, type_id) VALUES('921', '630', '10');
INSERT INTO monster_type(id, monster_id, type_id) VALUES('922', '631', '2');
INSERT INTO monster_type(id, monster_id, type_id) VALUES('923', '632', '12');
INSERT INTO monster_type(id, monster_id, type_id) VALUES('924', '632', '17');
INSERT INTO monster_type(id, monster_id, type_id) VALUES('925', '633', '16');
INSERT INTO monster_type(id, monster_id, type_id) VALUES('926', '633', '15');
INSERT INTO monster_type(id, monster_id, type_id) VALUES('927', '634', '16');
INSERT INTO monster_type(id, monster_id, type_id) VALUES('928', '634', '15');
INSERT INTO monster_type(id, monster_id, type_id) VALUES('929', '635', '16');
INSERT INTO monster_type(id, monster_id, type_id) VALUES('930', '635', '15');
INSERT INTO monster_type(id, monster_id, type_id) VALUES('931', '636', '12');
INSERT INTO monster_type(id, monster_id, type_id) VALUES('932', '636', '2');
INSERT INTO monster_type(id, monster_id, type_id) VALUES('933', '637', '12');
INSERT INTO monster_type(id, monster_id, type_id) VALUES('934', '637', '2');
INSERT INTO monster_type(id, monster_id, type_id) VALUES('935', '638', '17');
INSERT INTO monster_type(id, monster_id, type_id) VALUES('936', '638', '7');
INSERT INTO monster_type(id, monster_id, type_id) VALUES('937', '639', '13');
INSERT INTO monster_type(id, monster_id, type_id) VALUES('938', '639', '7');
INSERT INTO monster_type(id, monster_id, type_id) VALUES('939', '640', '5');
INSERT INTO monster_type(id, monster_id, type_id) VALUES('940', '640', '7');
INSERT INTO monster_type(id, monster_id, type_id) VALUES('941', '641', '10');
INSERT INTO monster_type(id, monster_id, type_id) VALUES('942', '642', '4');
INSERT INTO monster_type(id, monster_id, type_id) VALUES('943', '642', '10');
INSERT INTO monster_type(id, monster_id, type_id) VALUES('944', '643', '15');
INSERT INTO monster_type(id, monster_id, type_id) VALUES('945', '643', '2');
INSERT INTO monster_type(id, monster_id, type_id) VALUES('946', '644', '15');
INSERT INTO monster_type(id, monster_id, type_id) VALUES('947', '644', '4');
INSERT INTO monster_type(id, monster_id, type_id) VALUES('948', '645', '9');
INSERT INTO monster_type(id, monster_id, type_id) VALUES('949', '645', '10');
INSERT INTO monster_type(id, monster_id, type_id) VALUES('950', '646', '15');
INSERT INTO monster_type(id, monster_id, type_id) VALUES('951', '646', '6');
INSERT INTO monster_type(id, monster_id, type_id) VALUES('952', '647', '3');
INSERT INTO monster_type(id, monster_id, type_id) VALUES('953', '647', '7');
INSERT INTO monster_type(id, monster_id, type_id) VALUES('954', '648', '1');
INSERT INTO monster_type(id, monster_id, type_id) VALUES('955', '648', '11');
INSERT INTO monster_type(id, monster_id, type_id) VALUES('956', '649', '12');
INSERT INTO monster_type(id, monster_id, type_id) VALUES('957', '649', '17');
INSERT INTO monster_type(id, monster_id, type_id) VALUES('958', '650', '5');
INSERT INTO monster_type(id, monster_id, type_id) VALUES('959', '651', '5');
INSERT INTO monster_type(id, monster_id, type_id) VALUES('960', '652', '5');
INSERT INTO monster_type(id, monster_id, type_id) VALUES('961', '652', '7');
INSERT INTO monster_type(id, monster_id, type_id) VALUES('962', '653', '2');
INSERT INTO monster_type(id, monster_id, type_id) VALUES('963', '654', '2');
INSERT INTO monster_type(id, monster_id, type_id) VALUES('964', '655', '2');
INSERT INTO monster_type(id, monster_id, type_id) VALUES('965', '655', '11');
INSERT INTO monster_type(id, monster_id, type_id) VALUES('966', '656', '3');
INSERT INTO monster_type(id, monster_id, type_id) VALUES('967', '657', '3');
INSERT INTO monster_type(id, monster_id, type_id) VALUES('968', '658', '3');
INSERT INTO monster_type(id, monster_id, type_id) VALUES('969', '658', '16');
INSERT INTO monster_type(id, monster_id, type_id) VALUES('970', '659', '1');
INSERT INTO monster_type(id, monster_id, type_id) VALUES('971', '660', '1');
INSERT INTO monster_type(id, monster_id, type_id) VALUES('972', '660', '9');
INSERT INTO monster_type(id, monster_id, type_id) VALUES('973', '661', '1');
INSERT INTO monster_type(id, monster_id, type_id) VALUES('974', '661', '10');
INSERT INTO monster_type(id, monster_id, type_id) VALUES('975', '662', '2');
INSERT INTO monster_type(id, monster_id, type_id) VALUES('976', '662', '10');
INSERT INTO monster_type(id, monster_id, type_id) VALUES('977', '663', '2');
INSERT INTO monster_type(id, monster_id, type_id) VALUES('978', '663', '10');
INSERT INTO monster_type(id, monster_id, type_id) VALUES('979', '664', '12');
INSERT INTO monster_type(id, monster_id, type_id) VALUES('980', '665', '12');
INSERT INTO monster_type(id, monster_id, type_id) VALUES('981', '666', '12');
INSERT INTO monster_type(id, monster_id, type_id) VALUES('982', '666', '10');
INSERT INTO monster_type(id, monster_id, type_id) VALUES('983', '667', '2');
INSERT INTO monster_type(id, monster_id, type_id) VALUES('984', '667', '1');
INSERT INTO monster_type(id, monster_id, type_id) VALUES('985', '668', '2');
INSERT INTO monster_type(id, monster_id, type_id) VALUES('986', '668', '1');
INSERT INTO monster_type(id, monster_id, type_id) VALUES('987', '669', '18');
INSERT INTO monster_type(id, monster_id, type_id) VALUES('988', '670', '18');
INSERT INTO monster_type(id, monster_id, type_id) VALUES('989', '671', '18');
INSERT INTO monster_type(id, monster_id, type_id) VALUES('990', '672', '5');
INSERT INTO monster_type(id, monster_id, type_id) VALUES('991', '673', '5');
INSERT INTO monster_type(id, monster_id, type_id) VALUES('992', '674', '7');
INSERT INTO monster_type(id, monster_id, type_id) VALUES('993', '675', '7');
INSERT INTO monster_type(id, monster_id, type_id) VALUES('994', '675', '16');
INSERT INTO monster_type(id, monster_id, type_id) VALUES('995', '676', '1');
INSERT INTO monster_type(id, monster_id, type_id) VALUES('996', '677', '11');
INSERT INTO monster_type(id, monster_id, type_id) VALUES('997', '678', '11');
INSERT INTO monster_type(id, monster_id, type_id) VALUES('998', '679', '17');
INSERT INTO monster_type(id, monster_id, type_id) VALUES('999', '679', '14');
INSERT INTO monster_type(id, monster_id, type_id) VALUES('1000', '680', '17');
INSERT INTO monster_type(id, monster_id, type_id) VALUES('1001', '680', '14');
INSERT INTO monster_type(id, monster_id, type_id) VALUES('1002', '681', '17');
INSERT INTO monster_type(id, monster_id, type_id) VALUES('1003', '681', '14');
INSERT INTO monster_type(id, monster_id, type_id) VALUES('1004', '682', '18');
INSERT INTO monster_type(id, monster_id, type_id) VALUES('1005', '683', '18');
INSERT INTO monster_type(id, monster_id, type_id) VALUES('1006', '684', '18');
INSERT INTO monster_type(id, monster_id, type_id) VALUES('1007', '685', '18');
INSERT INTO monster_type(id, monster_id, type_id) VALUES('1008', '686', '16');
INSERT INTO monster_type(id, monster_id, type_id) VALUES('1009', '686', '11');
INSERT INTO monster_type(id, monster_id, type_id) VALUES('1010', '687', '16');
INSERT INTO monster_type(id, monster_id, type_id) VALUES('1011', '687', '11');
INSERT INTO monster_type(id, monster_id, type_id) VALUES('1012', '688', '13');
INSERT INTO monster_type(id, monster_id, type_id) VALUES('1013', '688', '3');
INSERT INTO monster_type(id, monster_id, type_id) VALUES('1014', '689', '13');
INSERT INTO monster_type(id, monster_id, type_id) VALUES('1015', '689', '3');
INSERT INTO monster_type(id, monster_id, type_id) VALUES('1016', '690', '8');
INSERT INTO monster_type(id, monster_id, type_id) VALUES('1017', '690', '3');
INSERT INTO monster_type(id, monster_id, type_id) VALUES('1018', '691', '8');
INSERT INTO monster_type(id, monster_id, type_id) VALUES('1019', '691', '15');
INSERT INTO monster_type(id, monster_id, type_id) VALUES('1020', '692', '3');
INSERT INTO monster_type(id, monster_id, type_id) VALUES('1021', '693', '3');
INSERT INTO monster_type(id, monster_id, type_id) VALUES('1022', '694', '4');
INSERT INTO monster_type(id, monster_id, type_id) VALUES('1023', '694', '1');
INSERT INTO monster_type(id, monster_id, type_id) VALUES('1024', '695', '4');
INSERT INTO monster_type(id, monster_id, type_id) VALUES('1025', '695', '1');
INSERT INTO monster_type(id, monster_id, type_id) VALUES('1026', '696', '13');
INSERT INTO monster_type(id, monster_id, type_id) VALUES('1027', '696', '15');
INSERT INTO monster_type(id, monster_id, type_id) VALUES('1028', '697', '13');
INSERT INTO monster_type(id, monster_id, type_id) VALUES('1029', '697', '15');
INSERT INTO monster_type(id, monster_id, type_id) VALUES('1030', '698', '13');
INSERT INTO monster_type(id, monster_id, type_id) VALUES('1031', '698', '6');
INSERT INTO monster_type(id, monster_id, type_id) VALUES('1032', '699', '13');
INSERT INTO monster_type(id, monster_id, type_id) VALUES('1033', '699', '6');
INSERT INTO monster_type(id, monster_id, type_id) VALUES('1034', '700', '18');
INSERT INTO monster_type(id, monster_id, type_id) VALUES('1035', '701', '7');
INSERT INTO monster_type(id, monster_id, type_id) VALUES('1036', '701', '10');
INSERT INTO monster_type(id, monster_id, type_id) VALUES('1037', '702', '4');
INSERT INTO monster_type(id, monster_id, type_id) VALUES('1038', '702', '18');
INSERT INTO monster_type(id, monster_id, type_id) VALUES('1039', '703', '13');
INSERT INTO monster_type(id, monster_id, type_id) VALUES('1040', '703', '18');
INSERT INTO monster_type(id, monster_id, type_id) VALUES('1041', '704', '15');
INSERT INTO monster_type(id, monster_id, type_id) VALUES('1042', '705', '15');
INSERT INTO monster_type(id, monster_id, type_id) VALUES('1043', '706', '15');
INSERT INTO monster_type(id, monster_id, type_id) VALUES('1044', '707', '17');
INSERT INTO monster_type(id, monster_id, type_id) VALUES('1045', '707', '18');
INSERT INTO monster_type(id, monster_id, type_id) VALUES('1046', '708', '14');
INSERT INTO monster_type(id, monster_id, type_id) VALUES('1047', '708', '5');
INSERT INTO monster_type(id, monster_id, type_id) VALUES('1048', '709', '14');
INSERT INTO monster_type(id, monster_id, type_id) VALUES('1049', '709', '5');
INSERT INTO monster_type(id, monster_id, type_id) VALUES('1050', '710', '14');
INSERT INTO monster_type(id, monster_id, type_id) VALUES('1051', '710', '5');
INSERT INTO monster_type(id, monster_id, type_id) VALUES('1052', '711', '14');
INSERT INTO monster_type(id, monster_id, type_id) VALUES('1053', '711', '5');
INSERT INTO monster_type(id, monster_id, type_id) VALUES('1054', '712', '6');
INSERT INTO monster_type(id, monster_id, type_id) VALUES('1055', '713', '6');
INSERT INTO monster_type(id, monster_id, type_id) VALUES('1056', '714', '10');
INSERT INTO monster_type(id, monster_id, type_id) VALUES('1057', '714', '15');
INSERT INTO monster_type(id, monster_id, type_id) VALUES('1058', '715', '10');
INSERT INTO monster_type(id, monster_id, type_id) VALUES('1059', '715', '15');
INSERT INTO monster_type(id, monster_id, type_id) VALUES('1060', '716', '18');
INSERT INTO monster_type(id, monster_id, type_id) VALUES('1061', '717', '16');
INSERT INTO monster_type(id, monster_id, type_id) VALUES('1062', '717', '10');
INSERT INTO monster_type(id, monster_id, type_id) VALUES('1063', '718', '15');
INSERT INTO monster_type(id, monster_id, type_id) VALUES('1064', '718', '9');
-- monster
INSERT INTO monster(id, name, software_id, height, weight) VALUES('1', 'フシギダネ', '1', '0.7', '6.9');
INSERT INTO monster(id, name, software_id, height, weight) VALUES('2', 'フシギソウ', '1', '1', '13');
INSERT INTO monster(id, name, software_id, height, weight) VALUES('3', 'フシギバナ', '1', '2', '100');
INSERT INTO monster(id, name, software_id, height, weight) VALUES('4', 'ヒトカゲ', '1', '0.6', '8.5');
INSERT INTO monster(id, name, software_id, height, weight) VALUES('5', 'リザード', '1', '1.1', '19');
INSERT INTO monster(id, name, software_id, height, weight) VALUES('6', 'リザードン', '1', '1.7', '90.5');
INSERT INTO monster(id, name, software_id, height, weight) VALUES('7', 'ゼニガメ', '1', '0.5', '9');
INSERT INTO monster(id, name, software_id, height, weight) VALUES('8', 'カメール', '1', '1', '22.5');
INSERT INTO monster(id, name, software_id, height, weight) VALUES('9', 'カメックス', '1', '1.6', '85.5');
INSERT INTO monster(id, name, software_id, height, weight) VALUES('10', 'キャタピー', '1', '0.3', '2.9');
INSERT INTO monster(id, name, software_id, height, weight) VALUES('11', 'トランセル', '1', '0.7', '9.9');
INSERT INTO monster(id, name, software_id, height, weight) VALUES('12', 'バタフリー', '1', '1.1', '32');
INSERT INTO monster(id, name, software_id, height, weight) VALUES('13', 'ビードル', '1', '0.3', '3.2');
INSERT INTO monster(id, name, software_id, height, weight) VALUES('14', 'コクーン', '1', '0.6', '10');
INSERT INTO monster(id, name, software_id, height, weight) VALUES('15', 'スピアー', '1', '1', '29.5');
INSERT INTO monster(id, name, software_id, height, weight) VALUES('16', 'ポッポ', '1', '0.3', '1.8');
INSERT INTO monster(id, name, software_id, height, weight) VALUES('17', 'ピジョン', '1', '1.1', '30');
INSERT INTO monster(id, name, software_id, height, weight) VALUES('18', 'ピジョット', '1', '1.5', '39.5');
INSERT INTO monster(id, name, software_id, height, weight) VALUES('19', 'コラッタ', '1', '0.3', '3.5');
INSERT INTO monster(id, name, software_id, height, weight) VALUES('20', 'ラッタ', '1', '0.7', '18.5');
INSERT INTO monster(id, name, software_id, height, weight) VALUES('21', 'オニスズメ', '1', '0.3', '2');
INSERT INTO monster(id, name, software_id, height, weight) VALUES('22', 'オニドリル', '1', '1.2', '38');
INSERT INTO monster(id, name, software_id, height, weight) VALUES('23', 'アーボ', '1', '2', '6.9');
INSERT INTO monster(id, name, software_id, height, weight) VALUES('24', 'アーボック', '1', '3.5', '65');
INSERT INTO monster(id, name, software_id, height, weight) VALUES('25', 'ピカチュウ', '1', '0.4', '6');
INSERT INTO monster(id, name, software_id, height, weight) VALUES('26', 'ライチュウ', '1', '0.8', '30');
INSERT INTO monster(id, name, software_id, height, weight) VALUES('27', 'サンド', '1', '0.6', '12');
INSERT INTO monster(id, name, software_id, height, weight) VALUES('28', 'サンドパン', '1', '1', '29.5');
INSERT INTO monster(id, name, software_id, height, weight) VALUES('29', 'ニドラン♀', '1', '0.4', '7');
INSERT INTO monster(id, name, software_id, height, weight) VALUES('30', 'ニドリーナ', '1', '0.8', '20');
INSERT INTO monster(id, name, software_id, height, weight) VALUES('31', 'ニドクイン', '1', '1.3', '60');
INSERT INTO monster(id, name, software_id, height, weight) VALUES('32', 'ニドラン♂', '1', '0.5', '9');
INSERT INTO monster(id, name, software_id, height, weight) VALUES('33', 'ニドリーノ', '1', '0.9', '19.5');
INSERT INTO monster(id, name, software_id, height, weight) VALUES('34', 'ニドキング', '1', '1.4', '62');
INSERT INTO monster(id, name, software_id, height, weight) VALUES('35', 'ピッピ', '1', '0.6', '7.5');
INSERT INTO monster(id, name, software_id, height, weight) VALUES('36', 'ピクシー', '1', '1.3', '40');
INSERT INTO monster(id, name, software_id, height, weight) VALUES('37', 'ロコン', '1', '0.6', '9.9');
INSERT INTO monster(id, name, software_id, height, weight) VALUES('38', 'キュウコン', '1', '1.1', '19.9');
INSERT INTO monster(id, name, software_id, height, weight) VALUES('39', 'プリン', '1', '0.5', '5.5');
INSERT INTO monster(id, name, software_id, height, weight) VALUES('40', 'プクリン', '1', '1', '12');
INSERT INTO monster(id, name, software_id, height, weight) VALUES('41', 'ズバット', '1', '0.8', '7.5');
INSERT INTO monster(id, name, software_id, height, weight) VALUES('42', 'ゴルバット', '1', '1.6', '55');
INSERT INTO monster(id, name, software_id, height, weight) VALUES('43', 'ナゾノクサ', '1', '0.5', '5.4');
INSERT INTO monster(id, name, software_id, height, weight) VALUES('44', 'クサイハナ', '1', '0.8', '8.6');
INSERT INTO monster(id, name, software_id, height, weight) VALUES('45', 'ラフレシア', '1', '1.2', '18.6');
INSERT INTO monster(id, name, software_id, height, weight) VALUES('46', 'パラス', '1', '0.3', '5.4');
INSERT INTO monster(id, name, software_id, height, weight) VALUES('47', 'パラセクト', '1', '1', '29.5');
INSERT INTO monster(id, name, software_id, height, weight) VALUES('48', 'コンパン', '1', '1', '30');
INSERT INTO monster(id, name, software_id, height, weight) VALUES('49', 'モルフォン', '1', '1.5', '12.5');
INSERT INTO monster(id, name, software_id, height, weight) VALUES('50', 'ディグダ', '1', '0.2', '0.8');
INSERT INTO monster(id, name, software_id, height, weight) VALUES('51', 'ダグトリオ', '1', '0.7', '33.3');
INSERT INTO monster(id, name, software_id, height, weight) VALUES('52', 'ニャース', '1', '0.4', '4.2');
INSERT INTO monster(id, name, software_id, height, weight) VALUES('53', 'ペルシアン', '1', '1', '32');
INSERT INTO monster(id, name, software_id, height, weight) VALUES('54', 'コダック', '1', '0.8', '19.6');
INSERT INTO monster(id, name, software_id, height, weight) VALUES('55', 'ゴルダック', '1', '1.7', '76.6');
INSERT INTO monster(id, name, software_id, height, weight) VALUES('56', 'マンキー', '1', '0.5', '28');
INSERT INTO monster(id, name, software_id, height, weight) VALUES('57', 'オコリザル', '1', '1', '32');
INSERT INTO monster(id, name, software_id, height, weight) VALUES('58', 'ガーディ', '1', '0.7', '19');
INSERT INTO monster(id, name, software_id, height, weight) VALUES('59', 'ウインディ', '1', '1.9', '155');
INSERT INTO monster(id, name, software_id, height, weight) VALUES('60', 'ニョロモ', '1', '0.6', '12.4');
INSERT INTO monster(id, name, software_id, height, weight) VALUES('61', 'ニョロゾ', '1', '1', '20');
INSERT INTO monster(id, name, software_id, height, weight) VALUES('62', 'ニョロボン', '1', '1.3', '54');
INSERT INTO monster(id, name, software_id, height, weight) VALUES('63', 'ケーシィ', '1', '0.9', '19.5');
INSERT INTO monster(id, name, software_id, height, weight) VALUES('64', 'ユンゲラー', '1', '1.3', '56.5');
INSERT INTO monster(id, name, software_id, height, weight) VALUES('65', 'フーディン', '1', '1.5', '48');
INSERT INTO monster(id, name, software_id, height, weight) VALUES('66', 'ワンリキー', '1', '0.8', '19.5');
INSERT INTO monster(id, name, software_id, height, weight) VALUES('67', 'ゴーリキー', '1', '1.5', '70.5');
INSERT INTO monster(id, name, software_id, height, weight) VALUES('68', 'カイリキー', '1', '1.6', '130');
INSERT INTO monster(id, name, software_id, height, weight) VALUES('69', 'マダツボミ', '1', '0.7', '4');
INSERT INTO monster(id, name, software_id, height, weight) VALUES('70', 'ウツドン', '1', '1', '6.4');
INSERT INTO monster(id, name, software_id, height, weight) VALUES('71', 'ウツボット', '1', '1.7', '15.5');
INSERT INTO monster(id, name, software_id, height, weight) VALUES('72', 'メノクラゲ', '1', '0.9', '45.5');
INSERT INTO monster(id, name, software_id, height, weight) VALUES('73', 'ドククラゲ', '1', '1.6', '55');
INSERT INTO monster(id, name, software_id, height, weight) VALUES('74', 'イシツブテ', '1', '0.4', '20');
INSERT INTO monster(id, name, software_id, height, weight) VALUES('75', 'ゴローン', '1', '1', '105');
INSERT INTO monster(id, name, software_id, height, weight) VALUES('76', 'ゴローニャ', '1', '1.4', '300');
INSERT INTO monster(id, name, software_id, height, weight) VALUES('77', 'ポニータ', '1', '1', '30');
INSERT INTO monster(id, name, software_id, height, weight) VALUES('78', 'ギャロップ', '1', '1.7', '95');
INSERT INTO monster(id, name, software_id, height, weight) VALUES('79', 'ヤドン', '1', '1.2', '36');
INSERT INTO monster(id, name, software_id, height, weight) VALUES('80', 'ヤドラン', '1', '1.6', '78.5');
INSERT INTO monster(id, name, software_id, height, weight) VALUES('81', 'コイル', '1', '0.3', '6');
INSERT INTO monster(id, name, software_id, height, weight) VALUES('82', 'レアコイル', '1', '1', '60');
INSERT INTO monster(id, name, software_id, height, weight) VALUES('83', 'カモネギ', '1', '0.8', '15');
INSERT INTO monster(id, name, software_id, height, weight) VALUES('84', 'ドードー', '1', '1.4', '39.2');
INSERT INTO monster(id, name, software_id, height, weight) VALUES('85', 'ドードリオ', '1', '1.8', '85.2');
INSERT INTO monster(id, name, software_id, height, weight) VALUES('86', 'パウワウ', '1', '1.1', '90');
INSERT INTO monster(id, name, software_id, height, weight) VALUES('87', 'ジュゴン', '1', '1.7', '120');
INSERT INTO monster(id, name, software_id, height, weight) VALUES('88', 'ベトベター', '1', '0.9', '30');
INSERT INTO monster(id, name, software_id, height, weight) VALUES('89', 'ベトベトン', '1', '1.2', '30');
INSERT INTO monster(id, name, software_id, height, weight) VALUES('90', 'シェルダー', '1', '0.3', '4');
INSERT INTO monster(id, name, software_id, height, weight) VALUES('91', 'パルシェン', '1', '1.5', '132.5');
INSERT INTO monster(id, name, software_id, height, weight) VALUES('92', 'ゴース', '1', '1.3', '0.1');
INSERT INTO monster(id, name, software_id, height, weight) VALUES('93', 'ゴースト', '1', '1.6', '0.1');
INSERT INTO monster(id, name, software_id, height, weight) VALUES('94', 'ゲンガー', '1', '1.5', '40.5');
INSERT INTO monster(id, name, software_id, height, weight) VALUES('95', 'イワーク', '1', '8.8', '210');
INSERT INTO monster(id, name, software_id, height, weight) VALUES('96', 'スリープ', '1', '1', '32.4');
INSERT INTO monster(id, name, software_id, height, weight) VALUES('97', 'スリーパー', '1', '1.6', '75.6');
INSERT INTO monster(id, name, software_id, height, weight) VALUES('98', 'クラブ', '1', '0.4', '6.5');
INSERT INTO monster(id, name, software_id, height, weight) VALUES('99', 'キングラー', '1', '1.3', '60');
INSERT INTO monster(id, name, software_id, height, weight) VALUES('100', 'ビリリダマ', '1', '0.5', '10.4');
INSERT INTO monster(id, name, software_id, height, weight) VALUES('101', 'マルマイン', '1', '1.2', '66.6');
INSERT INTO monster(id, name, software_id, height, weight) VALUES('102', 'タマタマ', '1', '0.4', '2.5');
INSERT INTO monster(id, name, software_id, height, weight) VALUES('103', 'ナッシー', '1', '2', '120');
INSERT INTO monster(id, name, software_id, height, weight) VALUES('104', 'カラカラ', '1', '0.4', '6.5');
INSERT INTO monster(id, name, software_id, height, weight) VALUES('105', 'ガラガラ', '1', '1', '45');
INSERT INTO monster(id, name, software_id, height, weight) VALUES('106', 'サワムラー', '1', '1.5', '49.8');
INSERT INTO monster(id, name, software_id, height, weight) VALUES('107', 'エビワラー', '1', '1.4', '50.2');
INSERT INTO monster(id, name, software_id, height, weight) VALUES('108', 'ベロリンガ', '1', '1.2', '65.5');
INSERT INTO monster(id, name, software_id, height, weight) VALUES('109', 'ドガース', '1', '0.6', '1');
INSERT INTO monster(id, name, software_id, height, weight) VALUES('110', 'マタドガス', '1', '1.2', '9.5');
INSERT INTO monster(id, name, software_id, height, weight) VALUES('111', 'サイホーン', '1', '1', '115');
INSERT INTO monster(id, name, software_id, height, weight) VALUES('112', 'サイドン', '1', '1.9', '120');
INSERT INTO monster(id, name, software_id, height, weight) VALUES('113', 'ラッキー', '1', '1.1', '34.6');
INSERT INTO monster(id, name, software_id, height, weight) VALUES('114', 'モンジャラ', '1', '1', '35');
INSERT INTO monster(id, name, software_id, height, weight) VALUES('115', 'ガルーラ', '1', '2.2', '80');
INSERT INTO monster(id, name, software_id, height, weight) VALUES('116', 'タッツー', '1', '0.4', '8');
INSERT INTO monster(id, name, software_id, height, weight) VALUES('117', 'シードラ', '1', '1.2', '25');
INSERT INTO monster(id, name, software_id, height, weight) VALUES('118', 'トサキント', '1', '0.6', '15');
INSERT INTO monster(id, name, software_id, height, weight) VALUES('119', 'アズマオウ', '1', '1.3', '39');
INSERT INTO monster(id, name, software_id, height, weight) VALUES('120', 'ヒトデマン', '1', '0.8', '34.5');
INSERT INTO monster(id, name, software_id, height, weight) VALUES('121', 'スターミー', '1', '1.1', '80');
INSERT INTO monster(id, name, software_id, height, weight) VALUES('122', 'バリヤード', '1', '1.3', '54.5');
INSERT INTO monster(id, name, software_id, height, weight) VALUES('123', 'ストライク', '1', '1.5', '56');
INSERT INTO monster(id, name, software_id, height, weight) VALUES('124', 'ルージュラ', '1', '1.4', '40.6');
INSERT INTO monster(id, name, software_id, height, weight) VALUES('125', 'エレブー', '1', '1.1', '30');
INSERT INTO monster(id, name, software_id, height, weight) VALUES('126', 'ブーバー', '1', '1.3', '44.5');
INSERT INTO monster(id, name, software_id, height, weight) VALUES('127', 'カイロス', '1', '1.5', '55');
INSERT INTO monster(id, name, software_id, height, weight) VALUES('128', 'ケンタロス', '1', '1.4', '88.4');
INSERT INTO monster(id, name, software_id, height, weight) VALUES('129', 'コイキング', '1', '0.9', '10');
INSERT INTO monster(id, name, software_id, height, weight) VALUES('130', 'ギャラドス', '1', '6.5', '235');
INSERT INTO monster(id, name, software_id, height, weight) VALUES('131', 'ラプラス', '1', '2.5', '220');
INSERT INTO monster(id, name, software_id, height, weight) VALUES('132', 'メタモン', '1', '0.3', '4');
INSERT INTO monster(id, name, software_id, height, weight) VALUES('133', 'イーブイ', '1', '0.3', '6.5');
INSERT INTO monster(id, name, software_id, height, weight) VALUES('134', 'シャワーズ', '1', '1', '29');
INSERT INTO monster(id, name, software_id, height, weight) VALUES('135', 'サンダース', '1', '0.8', '24.5');
INSERT INTO monster(id, name, software_id, height, weight) VALUES('136', 'ブースター', '1', '0.9', '25');
INSERT INTO monster(id, name, software_id, height, weight) VALUES('137', 'ポリゴン', '1', '0.8', '36.5');
INSERT INTO monster(id, name, software_id, height, weight) VALUES('138', 'オムナイト', '1', '0.4', '7.5');
INSERT INTO monster(id, name, software_id, height, weight) VALUES('139', 'オムスター', '1', '1', '35');
INSERT INTO monster(id, name, software_id, height, weight) VALUES('140', 'カブト', '1', '0.5', '11.5');
INSERT INTO monster(id, name, software_id, height, weight) VALUES('141', 'カブトプス', '1', '1.3', '40.5');
INSERT INTO monster(id, name, software_id, height, weight) VALUES('142', 'プテラ', '1', '1.8', '59');
INSERT INTO monster(id, name, software_id, height, weight) VALUES('143', 'カビゴン', '1', '2.1', '460');
INSERT INTO monster(id, name, software_id, height, weight) VALUES('144', 'フリーザー', '1', '1.7', '55.4');
INSERT INTO monster(id, name, software_id, height, weight) VALUES('145', 'サンダー', '1', '1.6', '52.6');
INSERT INTO monster(id, name, software_id, height, weight) VALUES('146', 'ファイヤー', '1', '2', '60');
INSERT INTO monster(id, name, software_id, height, weight) VALUES('147', 'ミニリュウ', '1', '1.8', '3.3');
INSERT INTO monster(id, name, software_id, height, weight) VALUES('148', 'ハクリュー', '1', '4', '16.5');
INSERT INTO monster(id, name, software_id, height, weight) VALUES('149', 'カイリュー', '1', '2.2', '210');
INSERT INTO monster(id, name, software_id, height, weight) VALUES('150', 'ミュウツー', '1', '2', '122');
INSERT INTO monster(id, name, software_id, height, weight) VALUES('151', 'ミュウ', '1', '0.4', '4');
INSERT INTO monster(id, name, software_id, height, weight) VALUES('152', 'チコリータ', '2', '0.9', '6.4');
INSERT INTO monster(id, name, software_id, height, weight) VALUES('153', 'ベイリーフ', '2', '1.2', '15.8');
INSERT INTO monster(id, name, software_id, height, weight) VALUES('154', 'メガニウム', '2', '1.8', '100.5');
INSERT INTO monster(id, name, software_id, height, weight) VALUES('155', 'ヒノアラシ', '2', '0.5', '7.9');
INSERT INTO monster(id, name, software_id, height, weight) VALUES('156', 'マグマラシ', '2', '0.9', '19');
INSERT INTO monster(id, name, software_id, height, weight) VALUES('157', 'バクフーン', '2', '1.7', '79.5');
INSERT INTO monster(id, name, software_id, height, weight) VALUES('158', 'ワニノコ', '2', '0.6', '9.5');
INSERT INTO monster(id, name, software_id, height, weight) VALUES('159', 'アリゲイツ', '2', '1.1', '25');
INSERT INTO monster(id, name, software_id, height, weight) VALUES('160', 'オーダイル', '2', '2.3', '88.8');
INSERT INTO monster(id, name, software_id, height, weight) VALUES('161', 'オタチ', '2', '0.8', '6');
INSERT INTO monster(id, name, software_id, height, weight) VALUES('162', 'オオタチ', '2', '1.8', '32.5');
INSERT INTO monster(id, name, software_id, height, weight) VALUES('163', 'ホーホー', '2', '0.7', '21.2');
INSERT INTO monster(id, name, software_id, height, weight) VALUES('164', 'ヨルノズク', '2', '1.6', '40.8');
INSERT INTO monster(id, name, software_id, height, weight) VALUES('165', 'レディバ', '2', '1', '10.8');
INSERT INTO monster(id, name, software_id, height, weight) VALUES('166', 'レディアン', '2', '1.4', '35.6');
INSERT INTO monster(id, name, software_id, height, weight) VALUES('167', 'イトマル', '2', '0.5', '8.5');
INSERT INTO monster(id, name, software_id, height, weight) VALUES('168', 'アリアドス', '2', '1.1', '33.5');
INSERT INTO monster(id, name, software_id, height, weight) VALUES('169', 'クロバット', '2', '1.8', '75');
INSERT INTO monster(id, name, software_id, height, weight) VALUES('170', 'チョンチー', '2', '0.5', '12');
INSERT INTO monster(id, name, software_id, height, weight) VALUES('171', 'ランターン', '2', '1.2', '22.5');
INSERT INTO monster(id, name, software_id, height, weight) VALUES('172', 'ピチュー', '2', '0.3', '2');
INSERT INTO monster(id, name, software_id, height, weight) VALUES('173', 'ピィ', '2', '0.3', '3');
INSERT INTO monster(id, name, software_id, height, weight) VALUES('174', 'ププリン', '2', '0.3', '1');
INSERT INTO monster(id, name, software_id, height, weight) VALUES('175', 'トゲピー', '2', '0.3', '1.5');
INSERT INTO monster(id, name, software_id, height, weight) VALUES('176', 'トゲチック', '2', '0.6', '3.2');
INSERT INTO monster(id, name, software_id, height, weight) VALUES('177', 'ネイティ', '2', '0.2', '2');
INSERT INTO monster(id, name, software_id, height, weight) VALUES('178', 'ネイティオ', '2', '1.5', '15');
INSERT INTO monster(id, name, software_id, height, weight) VALUES('179', 'メリープ', '2', '0.6', '7.8');
INSERT INTO monster(id, name, software_id, height, weight) VALUES('180', 'モココ', '2', '0.8', '13.3');
INSERT INTO monster(id, name, software_id, height, weight) VALUES('181', 'デンリュウ', '2', '1.4', '61.5');
INSERT INTO monster(id, name, software_id, height, weight) VALUES('182', 'キレイハナ', '2', '0.4', '5.8');
INSERT INTO monster(id, name, software_id, height, weight) VALUES('183', 'マリル', '2', '0.4', '8.5');
INSERT INTO monster(id, name, software_id, height, weight) VALUES('184', 'マリルリ', '2', '0.8', '28.5');
INSERT INTO monster(id, name, software_id, height, weight) VALUES('185', 'ウソッキー', '2', '1.2', '38');
INSERT INTO monster(id, name, software_id, height, weight) VALUES('186', 'ニョロトノ', '2', '1.1', '33.9');
INSERT INTO monster(id, name, software_id, height, weight) VALUES('187', 'ハネッコ', '2', '0.4', '0.5');
INSERT INTO monster(id, name, software_id, height, weight) VALUES('188', 'ポポッコ', '2', '0.6', '1');
INSERT INTO monster(id, name, software_id, height, weight) VALUES('189', 'ワタッコ', '2', '0.8', '3');
INSERT INTO monster(id, name, software_id, height, weight) VALUES('190', 'エイパム', '2', '0.8', '11.5');
INSERT INTO monster(id, name, software_id, height, weight) VALUES('191', 'ヒマナッツ', '2', '0.3', '1.8');
INSERT INTO monster(id, name, software_id, height, weight) VALUES('192', 'キマワリ', '2', '0.8', '8.5');
INSERT INTO monster(id, name, software_id, height, weight) VALUES('193', 'ヤンヤンマ', '2', '1.2', '38');
INSERT INTO monster(id, name, software_id, height, weight) VALUES('194', 'ウパー', '2', '0.4', '8.5');
INSERT INTO monster(id, name, software_id, height, weight) VALUES('195', 'ヌオー', '2', '1.4', '75');
INSERT INTO monster(id, name, software_id, height, weight) VALUES('196', 'エーフィ', '2', '0.9', '26.5');
INSERT INTO monster(id, name, software_id, height, weight) VALUES('197', 'ブラッキー', '2', '1', '27');
INSERT INTO monster(id, name, software_id, height, weight) VALUES('198', 'ヤミカラス', '2', '0.5', '2.1');
INSERT INTO monster(id, name, software_id, height, weight) VALUES('199', 'ヤドキング', '2', '2', '79.5');
INSERT INTO monster(id, name, software_id, height, weight) VALUES('200', 'ムウマ', '2', '0.7', '1');
INSERT INTO monster(id, name, software_id, height, weight) VALUES('201', 'アンノーン', '2', '0.5', '5');
INSERT INTO monster(id, name, software_id, height, weight) VALUES('202', 'ソーナンス', '2', '1.3', '28.5');
INSERT INTO monster(id, name, software_id, height, weight) VALUES('203', 'キリンリキ', '2', '1.5', '41.5');
INSERT INTO monster(id, name, software_id, height, weight) VALUES('204', 'クヌギダマ', '2', '0.6', '7.2');
INSERT INTO monster(id, name, software_id, height, weight) VALUES('205', 'フォレトス', '2', '1.2', '125.8');
INSERT INTO monster(id, name, software_id, height, weight) VALUES('206', 'ノコッチ', '2', '1.5', '14');
INSERT INTO monster(id, name, software_id, height, weight) VALUES('207', 'グライガー', '2', '1.1', '64.8');
INSERT INTO monster(id, name, software_id, height, weight) VALUES('208', 'ハガネール', '2', '9.2', '400');
INSERT INTO monster(id, name, software_id, height, weight) VALUES('209', 'ブルー', '2', '0.6', '7.8');
INSERT INTO monster(id, name, software_id, height, weight) VALUES('210', 'グランブル', '2', '1.4', '48.7');
INSERT INTO monster(id, name, software_id, height, weight) VALUES('211', 'ハリーセン', '2', '0.5', '3.9');
INSERT INTO monster(id, name, software_id, height, weight) VALUES('212', 'ハッサム', '2', '1.8', '118');
INSERT INTO monster(id, name, software_id, height, weight) VALUES('213', 'ツボツボ', '2', '0.6', '20.5');
INSERT INTO monster(id, name, software_id, height, weight) VALUES('214', 'ヘラクロス', '2', '1.5', '54');
INSERT INTO monster(id, name, software_id, height, weight) VALUES('215', 'ニューラ', '2', '0.9', '28');
INSERT INTO monster(id, name, software_id, height, weight) VALUES('216', 'ヒメグマ', '2', '0.6', '8.8');
INSERT INTO monster(id, name, software_id, height, weight) VALUES('217', 'リングマ', '2', '1.8', '125.8');
INSERT INTO monster(id, name, software_id, height, weight) VALUES('218', 'マグマッグ', '2', '0.7', '35');
INSERT INTO monster(id, name, software_id, height, weight) VALUES('219', 'マグカルゴ', '2', '0.8', '55');
INSERT INTO monster(id, name, software_id, height, weight) VALUES('220', 'ウリムー', '2', '0.4', '6.5');
INSERT INTO monster(id, name, software_id, height, weight) VALUES('221', 'イノムー', '2', '1.1', '55.8');
INSERT INTO monster(id, name, software_id, height, weight) VALUES('222', 'サニーゴ', '2', '0.6', '5');
INSERT INTO monster(id, name, software_id, height, weight) VALUES('223', 'テッポウオ', '2', '0.6', '12');
INSERT INTO monster(id, name, software_id, height, weight) VALUES('224', 'オクタン', '2', '0.9', '28.5');
INSERT INTO monster(id, name, software_id, height, weight) VALUES('225', 'デリバード', '2', '0.9', '16');
INSERT INTO monster(id, name, software_id, height, weight) VALUES('226', 'マンタイン', '2', '2.1', '220');
INSERT INTO monster(id, name, software_id, height, weight) VALUES('227', 'エアームド', '2', '1.7', '50.5');
INSERT INTO monster(id, name, software_id, height, weight) VALUES('228', 'デルビル', '2', '0.6', '10.8');
INSERT INTO monster(id, name, software_id, height, weight) VALUES('229', 'ヘルガー', '2', '1.4', '35');
INSERT INTO monster(id, name, software_id, height, weight) VALUES('230', 'キングドラ', '2', '1.8', '152');
INSERT INTO monster(id, name, software_id, height, weight) VALUES('231', 'ゴマゾウ', '2', '0.5', '33.5');
INSERT INTO monster(id, name, software_id, height, weight) VALUES('232', 'ドンファン', '2', '1.1', '120');
INSERT INTO monster(id, name, software_id, height, weight) VALUES('233', 'ポリゴン２', '2', '0.6', '32.5');
INSERT INTO monster(id, name, software_id, height, weight) VALUES('234', 'オドシシ', '2', '1.4', '71.2');
INSERT INTO monster(id, name, software_id, height, weight) VALUES('235', 'ドーブル', '2', '1.2', '58');
INSERT INTO monster(id, name, software_id, height, weight) VALUES('236', 'バルキー', '2', '0.7', '21');
INSERT INTO monster(id, name, software_id, height, weight) VALUES('237', 'カポエラー', '2', '1.4', '48');
INSERT INTO monster(id, name, software_id, height, weight) VALUES('238', 'ムチュール', '2', '0.4', '6');
INSERT INTO monster(id, name, software_id, height, weight) VALUES('239', 'エレキッド', '2', '0.6', '23.5');
INSERT INTO monster(id, name, software_id, height, weight) VALUES('240', 'ブビィ', '2', '0.7', '21.4');
INSERT INTO monster(id, name, software_id, height, weight) VALUES('241', 'ミルタンク', '2', '1.2', '75.5');
INSERT INTO monster(id, name, software_id, height, weight) VALUES('242', 'ハピナス', '2', '1.5', '46.8');
INSERT INTO monster(id, name, software_id, height, weight) VALUES('243', 'ライコウ', '2', '1.9', '178');
INSERT INTO monster(id, name, software_id, height, weight) VALUES('244', 'エンテイ', '2', '2.1', '198');
INSERT INTO monster(id, name, software_id, height, weight) VALUES('245', 'スイクン', '2', '2', '187');
INSERT INTO monster(id, name, software_id, height, weight) VALUES('246', 'ヨーギラス', '2', '0.6', '72');
INSERT INTO monster(id, name, software_id, height, weight) VALUES('247', 'サナギラス', '2', '1.2', '152');
INSERT INTO monster(id, name, software_id, height, weight) VALUES('248', 'バンギラス', '2', '2', '202');
INSERT INTO monster(id, name, software_id, height, weight) VALUES('249', 'ルギア', '2', '5.2', '216');
INSERT INTO monster(id, name, software_id, height, weight) VALUES('250', 'ホウオウ', '2', '3.8', '199');
INSERT INTO monster(id, name, software_id, height, weight) VALUES('251', 'セレビィ', '2', '0.6', '5');
INSERT INTO monster(id, name, software_id, height, weight) VALUES('252', 'キモリ', '3', '0.5', '5');
INSERT INTO monster(id, name, software_id, height, weight) VALUES('253', 'ジュプトル', '3', '0.9', '21.6');
INSERT INTO monster(id, name, software_id, height, weight) VALUES('254', 'ジュカイン', '3', '1.7', '52.2');
INSERT INTO monster(id, name, software_id, height, weight) VALUES('255', 'アチャモ', '3', '0.4', '2.5');
INSERT INTO monster(id, name, software_id, height, weight) VALUES('256', 'ワカシャモ', '3', '0.9', '19.5');
INSERT INTO monster(id, name, software_id, height, weight) VALUES('257', 'バシャーモ', '3', '1.9', '52');
INSERT INTO monster(id, name, software_id, height, weight) VALUES('258', 'ミズゴロウ', '3', '0.4', '7.6');
INSERT INTO monster(id, name, software_id, height, weight) VALUES('259', 'ヌマクロー', '3', '0.7', '28');
INSERT INTO monster(id, name, software_id, height, weight) VALUES('260', 'ラグラージ', '3', '1.5', '81.9');
INSERT INTO monster(id, name, software_id, height, weight) VALUES('261', 'ポチエナ', '3', '0.5', '13.6');
INSERT INTO monster(id, name, software_id, height, weight) VALUES('262', 'グラエナ', '3', '1', '37');
INSERT INTO monster(id, name, software_id, height, weight) VALUES('263', 'ジグザグマ', '3', '0.4', '17.5');
INSERT INTO monster(id, name, software_id, height, weight) VALUES('264', 'マッスグマ', '3', '0.5', '32.5');
INSERT INTO monster(id, name, software_id, height, weight) VALUES('265', 'ケムッソ', '3', '0.3', '3.6');
INSERT INTO monster(id, name, software_id, height, weight) VALUES('266', 'カラサリス', '3', '0.6', '10');
INSERT INTO monster(id, name, software_id, height, weight) VALUES('267', 'アゲハント', '3', '1', '28.4');
INSERT INTO monster(id, name, software_id, height, weight) VALUES('268', 'マユルド', '3', '0.7', '11.5');
INSERT INTO monster(id, name, software_id, height, weight) VALUES('269', 'ドクケイル', '3', '1.2', '31.6');
INSERT INTO monster(id, name, software_id, height, weight) VALUES('270', 'ハスボー', '3', '0.5', '2.6');
INSERT INTO monster(id, name, software_id, height, weight) VALUES('271', 'ハスブレロ', '3', '1.2', '32.5');
INSERT INTO monster(id, name, software_id, height, weight) VALUES('272', 'ルンパッパ', '3', '1.5', '55');
INSERT INTO monster(id, name, software_id, height, weight) VALUES('273', 'タネボー', '3', '0.5', '4');
INSERT INTO monster(id, name, software_id, height, weight) VALUES('274', 'コノハナ', '3', '1', '28');
INSERT INTO monster(id, name, software_id, height, weight) VALUES('275', 'ダーテング', '3', '1.3', '59.6');
INSERT INTO monster(id, name, software_id, height, weight) VALUES('276', 'スバメ', '3', '0.3', '2.3');
INSERT INTO monster(id, name, software_id, height, weight) VALUES('277', 'オオスバメ', '3', '0.7', '19.8');
INSERT INTO monster(id, name, software_id, height, weight) VALUES('278', 'キャモメ', '3', '0.6', '9.5');
INSERT INTO monster(id, name, software_id, height, weight) VALUES('279', 'ペリッパー', '3', '1.2', '28');
INSERT INTO monster(id, name, software_id, height, weight) VALUES('280', 'ラルトス', '3', '0.4', '6.6');
INSERT INTO monster(id, name, software_id, height, weight) VALUES('281', 'キルリア', '3', '0.8', '20.2');
INSERT INTO monster(id, name, software_id, height, weight) VALUES('282', 'サーナイト', '3', '1.6', '48.4');
INSERT INTO monster(id, name, software_id, height, weight) VALUES('283', 'アメタマ', '3', '0.5', '1.7');
INSERT INTO monster(id, name, software_id, height, weight) VALUES('284', 'アメモース', '3', '0.8', '3.6');
INSERT INTO monster(id, name, software_id, height, weight) VALUES('285', 'キノココ', '3', '0.4', '4.5');
INSERT INTO monster(id, name, software_id, height, weight) VALUES('286', 'キノガッサ', '3', '1.2', '39.2');
INSERT INTO monster(id, name, software_id, height, weight) VALUES('287', 'ナマケロ', '3', '0.8', '24');
INSERT INTO monster(id, name, software_id, height, weight) VALUES('288', 'ヤルキモノ', '3', '1.4', '46.5');
INSERT INTO monster(id, name, software_id, height, weight) VALUES('289', 'ケッキング', '3', '2', '130.5');
INSERT INTO monster(id, name, software_id, height, weight) VALUES('290', 'ツチニン', '3', '0.5', '5.5');
INSERT INTO monster(id, name, software_id, height, weight) VALUES('291', 'テッカニン', '3', '0.8', '12');
INSERT INTO monster(id, name, software_id, height, weight) VALUES('292', 'ヌケニン', '3', '0.8', '1.2');
INSERT INTO monster(id, name, software_id, height, weight) VALUES('293', 'ゴニョニョ', '3', '0.6', '16.3');
INSERT INTO monster(id, name, software_id, height, weight) VALUES('294', 'ドゴーム', '3', '1', '40.5');
INSERT INTO monster(id, name, software_id, height, weight) VALUES('295', 'バクオング', '3', '1.5', '84');
INSERT INTO monster(id, name, software_id, height, weight) VALUES('296', 'マクノシタ', '3', '1', '86.4');
INSERT INTO monster(id, name, software_id, height, weight) VALUES('297', 'ハリテヤマ', '3', '2.3', '253.8');
INSERT INTO monster(id, name, software_id, height, weight) VALUES('298', 'ルリリ', '3', '0.2', '2');
INSERT INTO monster(id, name, software_id, height, weight) VALUES('299', 'ノズパス', '3', '1', '97');
INSERT INTO monster(id, name, software_id, height, weight) VALUES('300', 'エネコ', '3', '0.6', '11');
INSERT INTO monster(id, name, software_id, height, weight) VALUES('301', 'エネコロロ', '3', '1.1', '32.6');
INSERT INTO monster(id, name, software_id, height, weight) VALUES('302', 'ヤミラミ', '3', '0.5', '11');
INSERT INTO monster(id, name, software_id, height, weight) VALUES('303', 'クチート', '3', '0.6', '11.5');
INSERT INTO monster(id, name, software_id, height, weight) VALUES('304', 'ココドラ', '3', '0.4', '60');
INSERT INTO monster(id, name, software_id, height, weight) VALUES('305', 'コドラ', '3', '0.9', '120');
INSERT INTO monster(id, name, software_id, height, weight) VALUES('306', 'ボスゴドラ', '3', '2.1', '360');
INSERT INTO monster(id, name, software_id, height, weight) VALUES('307', 'アサナン', '3', '0.6', '11.2');
INSERT INTO monster(id, name, software_id, height, weight) VALUES('308', 'チャーレム', '3', '1.3', '31.5');
INSERT INTO monster(id, name, software_id, height, weight) VALUES('309', 'ラクライ', '3', '0.6', '15.2');
INSERT INTO monster(id, name, software_id, height, weight) VALUES('310', 'ライボルト', '3', '1.5', '40.2');
INSERT INTO monster(id, name, software_id, height, weight) VALUES('311', 'プラスル', '3', '0.4', '4.2');
INSERT INTO monster(id, name, software_id, height, weight) VALUES('312', 'マイナン', '3', '0.4', '4.2');
INSERT INTO monster(id, name, software_id, height, weight) VALUES('313', 'バルビート', '3', '0.7', '17.7');
INSERT INTO monster(id, name, software_id, height, weight) VALUES('314', 'イルミーゼ', '3', '0.6', '17.7');
INSERT INTO monster(id, name, software_id, height, weight) VALUES('315', 'ロゼリア', '3', '0.3', '2');
INSERT INTO monster(id, name, software_id, height, weight) VALUES('316', 'ゴクリン', '3', '0.4', '10.3');
INSERT INTO monster(id, name, software_id, height, weight) VALUES('317', 'マルノーム', '3', '1.7', '80');
INSERT INTO monster(id, name, software_id, height, weight) VALUES('318', 'キバニア', '3', '0.8', '20.8');
INSERT INTO monster(id, name, software_id, height, weight) VALUES('319', 'サメハダー', '3', '1.8', '88.8');
INSERT INTO monster(id, name, software_id, height, weight) VALUES('320', 'ホエルコ', '3', '2', '130');
INSERT INTO monster(id, name, software_id, height, weight) VALUES('321', 'ホエルオー', '3', '14.5', '398');
INSERT INTO monster(id, name, software_id, height, weight) VALUES('322', 'ドンメル', '3', '0.7', '24');
INSERT INTO monster(id, name, software_id, height, weight) VALUES('323', 'バクーダ', '3', '1.9', '220');
INSERT INTO monster(id, name, software_id, height, weight) VALUES('324', 'コータス', '3', '0.5', '80.4');
INSERT INTO monster(id, name, software_id, height, weight) VALUES('325', 'バネブー', '3', '0.7', '30.6');
INSERT INTO monster(id, name, software_id, height, weight) VALUES('326', 'ブーピッグ', '3', '0.9', '71.5');
INSERT INTO monster(id, name, software_id, height, weight) VALUES('327', 'パッチール', '3', '1.1', '5');
INSERT INTO monster(id, name, software_id, height, weight) VALUES('328', 'ナックラー', '3', '0.7', '15');
INSERT INTO monster(id, name, software_id, height, weight) VALUES('329', 'ビブラーバ', '3', '1.1', '15.3');
INSERT INTO monster(id, name, software_id, height, weight) VALUES('330', 'フライゴン', '3', '2', '82');
INSERT INTO monster(id, name, software_id, height, weight) VALUES('331', 'サボネア', '3', '0.4', '51.3');
INSERT INTO monster(id, name, software_id, height, weight) VALUES('332', 'ノクタス', '3', '1.3', '77.4');
INSERT INTO monster(id, name, software_id, height, weight) VALUES('333', 'チルット', '3', '0.4', '1.2');
INSERT INTO monster(id, name, software_id, height, weight) VALUES('334', 'チルタリス', '3', '1.1', '20.6');
INSERT INTO monster(id, name, software_id, height, weight) VALUES('335', 'ザングース', '3', '1.3', '40.3');
INSERT INTO monster(id, name, software_id, height, weight) VALUES('336', 'ハブネーク', '3', '2.7', '52.5');
INSERT INTO monster(id, name, software_id, height, weight) VALUES('337', 'ルナトーン', '3', '1', '168');
INSERT INTO monster(id, name, software_id, height, weight) VALUES('338', 'ソルロック', '3', '1.2', '154');
INSERT INTO monster(id, name, software_id, height, weight) VALUES('339', 'ドジョッチ', '3', '0.4', '1.9');
INSERT INTO monster(id, name, software_id, height, weight) VALUES('340', 'ナマズン', '3', '0.9', '23.6');
INSERT INTO monster(id, name, software_id, height, weight) VALUES('341', 'ヘイガニ', '3', '0.6', '11.5');
INSERT INTO monster(id, name, software_id, height, weight) VALUES('342', 'シザリガー', '3', '1.1', '32.8');
INSERT INTO monster(id, name, software_id, height, weight) VALUES('343', 'ヤジロン', '3', '0.5', '21.5');
INSERT INTO monster(id, name, software_id, height, weight) VALUES('344', 'ネンドール', '3', '1.5', '108');
INSERT INTO monster(id, name, software_id, height, weight) VALUES('345', 'リリーラ', '3', '1', '23.8');
INSERT INTO monster(id, name, software_id, height, weight) VALUES('346', 'ユレイドル', '3', '1.5', '60.4');
INSERT INTO monster(id, name, software_id, height, weight) VALUES('347', 'アノプス', '3', '0.7', '12.5');
INSERT INTO monster(id, name, software_id, height, weight) VALUES('348', 'アーマルド', '3', '1.5', '68.2');
INSERT INTO monster(id, name, software_id, height, weight) VALUES('349', 'ヒンバス', '3', '0.6', '7.4');
INSERT INTO monster(id, name, software_id, height, weight) VALUES('350', 'ミロカロス', '3', '6.2', '162');
INSERT INTO monster(id, name, software_id, height, weight) VALUES('351', 'ポワルン', '3', '0.3', '0.8');
INSERT INTO monster(id, name, software_id, height, weight) VALUES('352', 'カクレオン', '3', '1', '22');
INSERT INTO monster(id, name, software_id, height, weight) VALUES('353', 'カゲボウズ', '3', '0.6', '2.3');
INSERT INTO monster(id, name, software_id, height, weight) VALUES('354', 'ジュペッタ', '3', '1.1', '12.5');
INSERT INTO monster(id, name, software_id, height, weight) VALUES('355', 'ヨマワル', '3', '0.8', '15');
INSERT INTO monster(id, name, software_id, height, weight) VALUES('356', 'サマヨール', '3', '1.6', '30.6');
INSERT INTO monster(id, name, software_id, height, weight) VALUES('357', 'トロピウス', '3', '2', '100');
INSERT INTO monster(id, name, software_id, height, weight) VALUES('358', 'チリーン', '3', '0.6', '1');
INSERT INTO monster(id, name, software_id, height, weight) VALUES('359', 'アブソル', '3', '1.2', '47');
INSERT INTO monster(id, name, software_id, height, weight) VALUES('360', 'ソーナノ', '3', '0.6', '14');
INSERT INTO monster(id, name, software_id, height, weight) VALUES('361', 'ユキワラシ', '3', '0.7', '16.8');
INSERT INTO monster(id, name, software_id, height, weight) VALUES('362', 'オニゴーリ', '3', '1.5', '256.5');
INSERT INTO monster(id, name, software_id, height, weight) VALUES('363', 'タマザラシ', '3', '0.8', '39.5');
INSERT INTO monster(id, name, software_id, height, weight) VALUES('364', 'トドグラー', '3', '1.1', '87.6');
INSERT INTO monster(id, name, software_id, height, weight) VALUES('365', 'トドゼルガ', '3', '1.4', '150.6');
INSERT INTO monster(id, name, software_id, height, weight) VALUES('366', 'パールル', '3', '0.4', '52.5');
INSERT INTO monster(id, name, software_id, height, weight) VALUES('367', 'ハンテール', '3', '1.7', '27');
INSERT INTO monster(id, name, software_id, height, weight) VALUES('368', 'サクラビス', '3', '1.8', '22.6');
INSERT INTO monster(id, name, software_id, height, weight) VALUES('369', 'ジーランス', '3', '1', '23.4');
INSERT INTO monster(id, name, software_id, height, weight) VALUES('370', 'ラブカス', '3', '0.6', '8.7');
INSERT INTO monster(id, name, software_id, height, weight) VALUES('371', 'タツベイ', '3', '0.6', '42.1');
INSERT INTO monster(id, name, software_id, height, weight) VALUES('372', 'コモルー', '3', '1.1', '110.5');
INSERT INTO monster(id, name, software_id, height, weight) VALUES('373', 'ボーマンダ', '3', '1.5', '102.6');
INSERT INTO monster(id, name, software_id, height, weight) VALUES('374', 'ダンバル', '3', '0.6', '95.2');
INSERT INTO monster(id, name, software_id, height, weight) VALUES('375', 'メタング', '3', '1.2', '202.5');
INSERT INTO monster(id, name, software_id, height, weight) VALUES('376', 'メタグロス', '3', '1.6', '550');
INSERT INTO monster(id, name, software_id, height, weight) VALUES('377', 'レジロック', '3', '1.7', '230');
INSERT INTO monster(id, name, software_id, height, weight) VALUES('378', 'レジアイス', '3', '1.8', '175');
INSERT INTO monster(id, name, software_id, height, weight) VALUES('379', 'レジスチル', '3', '1.9', '205');
INSERT INTO monster(id, name, software_id, height, weight) VALUES('380', 'ラティアス', '3', '1.4', '40');
INSERT INTO monster(id, name, software_id, height, weight) VALUES('381', 'ラティオス', '3', '2', '60');
INSERT INTO monster(id, name, software_id, height, weight) VALUES('382', 'カイオーガ', '3', '4.5', '352');
INSERT INTO monster(id, name, software_id, height, weight) VALUES('383', 'グラードン', '3', '3.5', '950');
INSERT INTO monster(id, name, software_id, height, weight) VALUES('384', 'レックウザ', '3', '7', '206.5');
INSERT INTO monster(id, name, software_id, height, weight) VALUES('385', 'ジラーチ', '3', '0.3', '1.1');
INSERT INTO monster(id, name, software_id, height, weight) VALUES('386', 'デオキシス', '3', '1.7', '60.8');
INSERT INTO monster(id, name, software_id, height, weight) VALUES('387', 'ナエトル', '4', '0.4', '10.2');
INSERT INTO monster(id, name, software_id, height, weight) VALUES('388', 'ハヤシガメ', '4', '1.1', '97');
INSERT INTO monster(id, name, software_id, height, weight) VALUES('389', 'ドダイトス', '4', '2.2', '310');
INSERT INTO monster(id, name, software_id, height, weight) VALUES('390', 'ヒコザル', '4', '0.5', '6.2');
INSERT INTO monster(id, name, software_id, height, weight) VALUES('391', 'モウカザル', '4', '0.9', '22');
INSERT INTO monster(id, name, software_id, height, weight) VALUES('392', 'ゴウカザル', '4', '1.2', '55');
INSERT INTO monster(id, name, software_id, height, weight) VALUES('393', 'ポッチャマ', '4', '0.4', '5.2');
INSERT INTO monster(id, name, software_id, height, weight) VALUES('394', 'ポッタイシ', '4', '0.8', '23');
INSERT INTO monster(id, name, software_id, height, weight) VALUES('395', 'エンペルト', '4', '1.7', '84.5');
INSERT INTO monster(id, name, software_id, height, weight) VALUES('396', 'ムックル', '4', '0.3', '2');
INSERT INTO monster(id, name, software_id, height, weight) VALUES('397', 'ムクバード', '4', '0.6', '15.5');
INSERT INTO monster(id, name, software_id, height, weight) VALUES('398', 'ムクホーク', '4', '1.2', '24.9');
INSERT INTO monster(id, name, software_id, height, weight) VALUES('399', 'ビッパ', '4', '0.5', '20');
INSERT INTO monster(id, name, software_id, height, weight) VALUES('400', 'ビーダル', '4', '1', '31.5');
INSERT INTO monster(id, name, software_id, height, weight) VALUES('401', 'コロボーシ', '4', '0.3', '2.2');
INSERT INTO monster(id, name, software_id, height, weight) VALUES('402', 'コロトック', '4', '1', '25.5');
INSERT INTO monster(id, name, software_id, height, weight) VALUES('403', 'コリンク', '4', '0.5', '9.5');
INSERT INTO monster(id, name, software_id, height, weight) VALUES('404', 'ルクシオ', '4', '0.9', '30.5');
INSERT INTO monster(id, name, software_id, height, weight) VALUES('405', 'レントラー', '4', '1.4', '42');
INSERT INTO monster(id, name, software_id, height, weight) VALUES('406', 'スボミー', '4', '0.2', '1.2');
INSERT INTO monster(id, name, software_id, height, weight) VALUES('407', 'ロズレイド', '4', '0.9', '14.5');
INSERT INTO monster(id, name, software_id, height, weight) VALUES('408', 'ズガイドス', '4', '0.9', '31.5');
INSERT INTO monster(id, name, software_id, height, weight) VALUES('409', 'ラムパルド', '4', '1.6', '102.5');
INSERT INTO monster(id, name, software_id, height, weight) VALUES('410', 'タテトプス', '4', '0.5', '57');
INSERT INTO monster(id, name, software_id, height, weight) VALUES('411', 'トリデプス', '4', '1.3', '149.5');
INSERT INTO monster(id, name, software_id, height, weight) VALUES('412', 'ミノムッチ', '4', '0.2', '3.4');
INSERT INTO monster(id, name, software_id, height, weight) VALUES('413', 'ミノマダム(5)', '4', '0.5', '6.5');
INSERT INTO monster(id, name, software_id, height, weight) VALUES('414', 'ガーメイル', '4', '0.9', '23.3');
INSERT INTO monster(id, name, software_id, height, weight) VALUES('415', 'ミツハニー', '4', '0.3', '5.5');
INSERT INTO monster(id, name, software_id, height, weight) VALUES('416', 'ビークイン', '4', '1.2', '38.5');
INSERT INTO monster(id, name, software_id, height, weight) VALUES('417', 'パチリス', '4', '0.4', '3.9');
INSERT INTO monster(id, name, software_id, height, weight) VALUES('418', 'ブイゼル', '4', '0.7', '29.5');
INSERT INTO monster(id, name, software_id, height, weight) VALUES('419', 'フローゼル', '4', '1.1', '33.5');
INSERT INTO monster(id, name, software_id, height, weight) VALUES('420', 'チェリンボ', '4', '0.4', '3.3');
INSERT INTO monster(id, name, software_id, height, weight) VALUES('421', 'チェリム', '4', '0.5', '9.3');
INSERT INTO monster(id, name, software_id, height, weight) VALUES('422', 'カラナクシ', '4', '0.3', '6.3');
INSERT INTO monster(id, name, software_id, height, weight) VALUES('423', 'トリトドン', '4', '0.9', '29.9');
INSERT INTO monster(id, name, software_id, height, weight) VALUES('424', 'エテボース', '4', '1.2', '20.3');
INSERT INTO monster(id, name, software_id, height, weight) VALUES('425', 'フワンテ', '4', '0.4', '1.2');
INSERT INTO monster(id, name, software_id, height, weight) VALUES('426', 'フワライド', '4', '1.2', '15');
INSERT INTO monster(id, name, software_id, height, weight) VALUES('427', 'ミミロル', '4', '0.4', '5.5');
INSERT INTO monster(id, name, software_id, height, weight) VALUES('428', 'ミミロップ', '4', '1.2', '33.3');
INSERT INTO monster(id, name, software_id, height, weight) VALUES('429', 'ムウマージ', '4', '0.9', '4.4');
INSERT INTO monster(id, name, software_id, height, weight) VALUES('430', 'ドンカラス', '4', '0.9', '27.3');
INSERT INTO monster(id, name, software_id, height, weight) VALUES('431', 'ニャルマー', '4', '0.5', '3.9');
INSERT INTO monster(id, name, software_id, height, weight) VALUES('432', 'ブニャット', '4', '1', '43.8');
INSERT INTO monster(id, name, software_id, height, weight) VALUES('433', 'リーシャン', '4', '0.2', '0.6');
INSERT INTO monster(id, name, software_id, height, weight) VALUES('434', 'スカンプー', '4', '0.4', '19.2');
INSERT INTO monster(id, name, software_id, height, weight) VALUES('435', 'スカタンク', '4', '1', '38');
INSERT INTO monster(id, name, software_id, height, weight) VALUES('436', 'ドーミラー', '4', '0.5', '60.5');
INSERT INTO monster(id, name, software_id, height, weight) VALUES('437', 'ドータクン', '4', '1.3', '187');
INSERT INTO monster(id, name, software_id, height, weight) VALUES('438', 'ウソハチ', '4', '0.5', '15');
INSERT INTO monster(id, name, software_id, height, weight) VALUES('439', 'マネネ', '4', '0.6', '13');
INSERT INTO monster(id, name, software_id, height, weight) VALUES('440', 'ピンプク', '4', '0.6', '24.4');
INSERT INTO monster(id, name, software_id, height, weight) VALUES('441', 'ペラップ', '4', '0.5', '1.9');
INSERT INTO monster(id, name, software_id, height, weight) VALUES('442', 'ミカルゲ', '4', '1', '108');
INSERT INTO monster(id, name, software_id, height, weight) VALUES('443', 'フカマル', '4', '0.7', '20.5');
INSERT INTO monster(id, name, software_id, height, weight) VALUES('444', 'ガバイト', '4', '1.4', '56');
INSERT INTO monster(id, name, software_id, height, weight) VALUES('445', 'ガブリアス', '4', '1.9', '95');
INSERT INTO monster(id, name, software_id, height, weight) VALUES('446', 'ゴンベ', '4', '0.6', '105');
INSERT INTO monster(id, name, software_id, height, weight) VALUES('447', 'リオル', '4', '0.7', '20.2');
INSERT INTO monster(id, name, software_id, height, weight) VALUES('448', 'ルカリオ', '4', '1.2', '54');
INSERT INTO monster(id, name, software_id, height, weight) VALUES('449', 'ヒポポタス', '4', '0.8', '49.5');
INSERT INTO monster(id, name, software_id, height, weight) VALUES('450', 'カバルドン', '4', '2', '300');
INSERT INTO monster(id, name, software_id, height, weight) VALUES('451', 'スコルピ', '4', '0.8', '12');
INSERT INTO monster(id, name, software_id, height, weight) VALUES('452', 'ドラピオン', '4', '1.3', '61.5');
INSERT INTO monster(id, name, software_id, height, weight) VALUES('453', 'グレッグル', '4', '0.7', '23');
INSERT INTO monster(id, name, software_id, height, weight) VALUES('454', 'ドクロッグ', '4', '1.3', '44.4');
INSERT INTO monster(id, name, software_id, height, weight) VALUES('455', 'マスキッパ', '4', '1.4', '27');
INSERT INTO monster(id, name, software_id, height, weight) VALUES('456', 'ケイコウオ', '4', '0.4', '7');
INSERT INTO monster(id, name, software_id, height, weight) VALUES('457', 'ネオラント', '4', '1.2', '24');
INSERT INTO monster(id, name, software_id, height, weight) VALUES('458', 'タマンタ', '4', '1', '65');
INSERT INTO monster(id, name, software_id, height, weight) VALUES('459', 'ユキカブリ', '4', '1', '50.5');
INSERT INTO monster(id, name, software_id, height, weight) VALUES('460', 'ユキノオー', '4', '2.2', '135.5');
INSERT INTO monster(id, name, software_id, height, weight) VALUES('461', 'マニューラ', '4', '1.1', '34');
INSERT INTO monster(id, name, software_id, height, weight) VALUES('462', 'ジバコイル', '4', '1.2', '180');
INSERT INTO monster(id, name, software_id, height, weight) VALUES('463', 'ベロベルト', '4', '1.7', '140');
INSERT INTO monster(id, name, software_id, height, weight) VALUES('464', 'ドサイドン', '4', '2.4', '282.8');
INSERT INTO monster(id, name, software_id, height, weight) VALUES('465', 'モジャンボ', '4', '2', '128.6');
INSERT INTO monster(id, name, software_id, height, weight) VALUES('466', 'エレキブル', '4', '1.8', '138.6');
INSERT INTO monster(id, name, software_id, height, weight) VALUES('467', 'ブーバーン', '4', '1.6', '68');
INSERT INTO monster(id, name, software_id, height, weight) VALUES('468', 'トゲキッス', '4', '1.5', '38');
INSERT INTO monster(id, name, software_id, height, weight) VALUES('469', 'メガヤンマ', '4', '1.9', '51.5');
INSERT INTO monster(id, name, software_id, height, weight) VALUES('470', 'リーフィア', '4', '1', '25.5');
INSERT INTO monster(id, name, software_id, height, weight) VALUES('471', 'グレイシア', '4', '0.8', '25.9');
INSERT INTO monster(id, name, software_id, height, weight) VALUES('472', 'グライオン', '4', '2', '42.5');
INSERT INTO monster(id, name, software_id, height, weight) VALUES('473', 'マンムー', '4', '2.5', '291');
INSERT INTO monster(id, name, software_id, height, weight) VALUES('474', 'ポリゴンＺ', '4', '0.9', '34');
INSERT INTO monster(id, name, software_id, height, weight) VALUES('475', 'エルレイド', '4', '1.6', '52');
INSERT INTO monster(id, name, software_id, height, weight) VALUES('476', 'ダイノーズ', '4', '1.4', '340');
INSERT INTO monster(id, name, software_id, height, weight) VALUES('477', 'ヨノワール', '4', '2.2', '106.6');
INSERT INTO monster(id, name, software_id, height, weight) VALUES('478', 'ユキメノコ', '4', '1.3', '26.6');
INSERT INTO monster(id, name, software_id, height, weight) VALUES('479', 'ロトム', '4', '0.3', '0.3');
INSERT INTO monster(id, name, software_id, height, weight) VALUES('480', 'ユクシー', '4', '0.3', '0.3');
INSERT INTO monster(id, name, software_id, height, weight) VALUES('481', 'エムリット', '4', '0.3', '0.3');
INSERT INTO monster(id, name, software_id, height, weight) VALUES('482', 'アグノム', '4', '0.3', '0.3');
INSERT INTO monster(id, name, software_id, height, weight) VALUES('483', 'ディアルガ', '4', '5.4', '683');
INSERT INTO monster(id, name, software_id, height, weight) VALUES('484', 'パルキア', '4', '4.2', '336');
INSERT INTO monster(id, name, software_id, height, weight) VALUES('485', 'ヒードラン', '4', '1.7', '430');
INSERT INTO monster(id, name, software_id, height, weight) VALUES('486', 'レジギガス', '4', '3.7', '420');
INSERT INTO monster(id, name, software_id, height, weight) VALUES('487', 'ギラティナ', '4', '4.5', '750');
INSERT INTO monster(id, name, software_id, height, weight) VALUES('488', 'クレセリア', '4', '1.5', '85.6');
INSERT INTO monster(id, name, software_id, height, weight) VALUES('489', 'フィオネ', '4', '0.4', '3.1');
INSERT INTO monster(id, name, software_id, height, weight) VALUES('490', 'マナフィ', '4', '0.3', '1.4');
INSERT INTO monster(id, name, software_id, height, weight) VALUES('491', 'ダークライ', '4', '1.5', '50.5');
INSERT INTO monster(id, name, software_id, height, weight) VALUES('492', 'シェイミ', '4', '0.2', '2.1');
INSERT INTO monster(id, name, software_id, height, weight) VALUES('493', 'アルセウス', '4', '3.2', '320');
INSERT INTO monster(id, name, software_id, height, weight) VALUES('494', 'ビクティニ', '5', '0.4', '4');
INSERT INTO monster(id, name, software_id, height, weight) VALUES('495', 'ツタージャ', '5', '0.6', '8.1');
INSERT INTO monster(id, name, software_id, height, weight) VALUES('496', 'ジャノビー', '5', '0.8', '16');
INSERT INTO monster(id, name, software_id, height, weight) VALUES('497', 'ジャローダ', '5', '3.3', '63');
INSERT INTO monster(id, name, software_id, height, weight) VALUES('498', 'ポカブ', '5', '0.5', '9.9');
INSERT INTO monster(id, name, software_id, height, weight) VALUES('499', 'チャオブー', '5', '1', '55.5');
INSERT INTO monster(id, name, software_id, height, weight) VALUES('500', 'エンブオー', '5', '1.6', '150');
INSERT INTO monster(id, name, software_id, height, weight) VALUES('501', 'ミジュマル', '5', '0.5', '5.9');
INSERT INTO monster(id, name, software_id, height, weight) VALUES('502', 'フタチマル', '5', '0.8', '24.5');
INSERT INTO monster(id, name, software_id, height, weight) VALUES('503', 'ダイケンキ', '5', '1.5', '94.6');
INSERT INTO monster(id, name, software_id, height, weight) VALUES('504', 'ミネズミ', '5', '0.5', '11.6');
INSERT INTO monster(id, name, software_id, height, weight) VALUES('505', 'ミルホッグ', '5', '1.1', '27');
INSERT INTO monster(id, name, software_id, height, weight) VALUES('506', 'ヨーテリー', '5', '0.4', '4.1');
INSERT INTO monster(id, name, software_id, height, weight) VALUES('507', 'ハーデリア', '5', '0.9', '14.7');
INSERT INTO monster(id, name, software_id, height, weight) VALUES('508', 'ムーランド', '5', '1.2', '61');
INSERT INTO monster(id, name, software_id, height, weight) VALUES('509', 'チョロネコ', '5', '0.4', '10.1');
INSERT INTO monster(id, name, software_id, height, weight) VALUES('510', 'レパルダス', '5', '1.1', '37.5');
INSERT INTO monster(id, name, software_id, height, weight) VALUES('511', 'ヤナップ', '5', '0.6', '10.5');
INSERT INTO monster(id, name, software_id, height, weight) VALUES('512', 'ヤナッキー', '5', '1.1', '30.5');
INSERT INTO monster(id, name, software_id, height, weight) VALUES('513', 'バオップ', '5', '0.6', '11');
INSERT INTO monster(id, name, software_id, height, weight) VALUES('514', 'バオッキー', '5', '1', '28');
INSERT INTO monster(id, name, software_id, height, weight) VALUES('515', 'ヒヤップ', '5', '0.6', '13.5');
INSERT INTO monster(id, name, software_id, height, weight) VALUES('516', 'ヒヤッキー', '5', '1', '29');
INSERT INTO monster(id, name, software_id, height, weight) VALUES('517', 'ムンナ', '5', '0.6', '23.3');
INSERT INTO monster(id, name, software_id, height, weight) VALUES('518', 'ムシャーナ', '5', '1.1', '60.5');
INSERT INTO monster(id, name, software_id, height, weight) VALUES('519', 'マメパト', '5', '0.3', '2.1');
INSERT INTO monster(id, name, software_id, height, weight) VALUES('520', 'ハトーボー', '5', '0.6', '15');
INSERT INTO monster(id, name, software_id, height, weight) VALUES('521', 'ケンホロウ', '5', '1.2', '29');
INSERT INTO monster(id, name, software_id, height, weight) VALUES('522', 'シママ', '5', '0.8', '29.8');
INSERT INTO monster(id, name, software_id, height, weight) VALUES('523', 'ゼブライカ', '5', '1.6', '79.5');
INSERT INTO monster(id, name, software_id, height, weight) VALUES('524', 'ダンゴロ', '5', '0.4', '18');
INSERT INTO monster(id, name, software_id, height, weight) VALUES('525', 'ガントル', '5', '0.9', '102');
INSERT INTO monster(id, name, software_id, height, weight) VALUES('526', 'ギガイアス', '5', '1.7', '260');
INSERT INTO monster(id, name, software_id, height, weight) VALUES('527', 'コロモリ', '5', '0.4', '2.1');
INSERT INTO monster(id, name, software_id, height, weight) VALUES('528', 'ココロモリ', '5', '0.9', '10.5');
INSERT INTO monster(id, name, software_id, height, weight) VALUES('529', 'モグリュー', '5', '0.3', '8.5');
INSERT INTO monster(id, name, software_id, height, weight) VALUES('530', 'ドリュウズ', '5', '0.7', '40.4');
INSERT INTO monster(id, name, software_id, height, weight) VALUES('531', 'タブンネ', '5', '1.1', '31');
INSERT INTO monster(id, name, software_id, height, weight) VALUES('532', 'ドッコラー', '5', '0.6', '12.5');
INSERT INTO monster(id, name, software_id, height, weight) VALUES('533', 'ドテッコツ', '5', '1.2', '40');
INSERT INTO monster(id, name, software_id, height, weight) VALUES('534', 'ローブシン', '5', '1.4', '87');
INSERT INTO monster(id, name, software_id, height, weight) VALUES('535', 'オタマロ', '5', '0.5', '4.5');
INSERT INTO monster(id, name, software_id, height, weight) VALUES('536', 'ガマガル', '5', '0.8', '17');
INSERT INTO monster(id, name, software_id, height, weight) VALUES('537', 'ガマゲロゲ', '5', '1.5', '62');
INSERT INTO monster(id, name, software_id, height, weight) VALUES('538', 'ナゲキ', '5', '1.3', '55.5');
INSERT INTO monster(id, name, software_id, height, weight) VALUES('539', 'ダゲキ', '5', '1.4', '51');
INSERT INTO monster(id, name, software_id, height, weight) VALUES('540', 'クルミル', '5', '0.3', '2.5');
INSERT INTO monster(id, name, software_id, height, weight) VALUES('541', 'クルマユ', '5', '0.5', '7.3');
INSERT INTO monster(id, name, software_id, height, weight) VALUES('542', 'ハハコモリ', '5', '1.2', '20.5');
INSERT INTO monster(id, name, software_id, height, weight) VALUES('543', 'フシデ', '5', '0.4', '5.3');
INSERT INTO monster(id, name, software_id, height, weight) VALUES('544', 'ホイーガ', '5', '1.2', '58.5');
INSERT INTO monster(id, name, software_id, height, weight) VALUES('545', 'ペンドラー', '5', '2.5', '200.5');
INSERT INTO monster(id, name, software_id, height, weight) VALUES('546', 'モンメン', '5', '0.3', '0.6');
INSERT INTO monster(id, name, software_id, height, weight) VALUES('547', 'エルフーン', '5', '0.7', '6.6');
INSERT INTO monster(id, name, software_id, height, weight) VALUES('548', 'チュリネ', '5', '0.5', '6.6');
INSERT INTO monster(id, name, software_id, height, weight) VALUES('549', 'ドレディア', '5', '1.1', '16.3');
INSERT INTO monster(id, name, software_id, height, weight) VALUES('550', 'バスラオ', '5', '1', '18');
INSERT INTO monster(id, name, software_id, height, weight) VALUES('551', 'メグロコ', '5', '0.7', '15.2');
INSERT INTO monster(id, name, software_id, height, weight) VALUES('552', 'ワルビル', '5', '1', '33.4');
INSERT INTO monster(id, name, software_id, height, weight) VALUES('553', 'ワルビアル', '5', '1.5', '96.3');
INSERT INTO monster(id, name, software_id, height, weight) VALUES('554', 'ダルマッカ', '5', '0.6', '37.5');
INSERT INTO monster(id, name, software_id, height, weight) VALUES('555', 'ヒヒダルマ', '5', '1.3', '92.9');
INSERT INTO monster(id, name, software_id, height, weight) VALUES('556', 'マラカッチ', '5', '1', '28');
INSERT INTO monster(id, name, software_id, height, weight) VALUES('557', 'イシズマイ', '5', '0.3', '14.5');
INSERT INTO monster(id, name, software_id, height, weight) VALUES('558', 'イワパレス', '5', '1.4', '200');
INSERT INTO monster(id, name, software_id, height, weight) VALUES('559', 'ズルッグ', '5', '0.6', '11.8');
INSERT INTO monster(id, name, software_id, height, weight) VALUES('560', 'ズルズキン', '5', '1.1', '30');
INSERT INTO monster(id, name, software_id, height, weight) VALUES('561', 'シンボラー', '5', '1.4', '14');
INSERT INTO monster(id, name, software_id, height, weight) VALUES('562', 'デスマス', '5', '0.5', '1.5');
INSERT INTO monster(id, name, software_id, height, weight) VALUES('563', 'デスカーン', '5', '1.7', '76.5');
INSERT INTO monster(id, name, software_id, height, weight) VALUES('564', 'プロトーガ', '5', '0.7', '16.5');
INSERT INTO monster(id, name, software_id, height, weight) VALUES('565', 'アバゴーラ', '5', '1.2', '81');
INSERT INTO monster(id, name, software_id, height, weight) VALUES('566', 'アーケン', '5', '0.5', '9.5');
INSERT INTO monster(id, name, software_id, height, weight) VALUES('567', 'アーケオス', '5', '1.4', '32');
INSERT INTO monster(id, name, software_id, height, weight) VALUES('568', 'ヤブクロン', '5', '0.6', '31');
INSERT INTO monster(id, name, software_id, height, weight) VALUES('569', 'ダストダス', '5', '1.9', '107.3');
INSERT INTO monster(id, name, software_id, height, weight) VALUES('570', 'ゾロア', '5', '0.7', '12.5');
INSERT INTO monster(id, name, software_id, height, weight) VALUES('571', 'ゾロアーク', '5', '1.6', '81.1');
INSERT INTO monster(id, name, software_id, height, weight) VALUES('572', 'チラーミィ', '5', '0.4', '5.8');
INSERT INTO monster(id, name, software_id, height, weight) VALUES('573', 'チラチーノ', '5', '0.5', '7.5');
INSERT INTO monster(id, name, software_id, height, weight) VALUES('574', 'ゴチム', '5', '0.4', '5.8');
INSERT INTO monster(id, name, software_id, height, weight) VALUES('575', 'ゴチミル', '5', '0.7', '18');
INSERT INTO monster(id, name, software_id, height, weight) VALUES('576', 'ゴチルゼル', '5', '1.5', '44');
INSERT INTO monster(id, name, software_id, height, weight) VALUES('577', 'ユニラン', '5', '0.3', '1');
INSERT INTO monster(id, name, software_id, height, weight) VALUES('578', 'ダブラン', '5', '0.6', '8');
INSERT INTO monster(id, name, software_id, height, weight) VALUES('579', 'ランクルス', '5', '1', '20.1');
INSERT INTO monster(id, name, software_id, height, weight) VALUES('580', 'コアルヒー', '5', '0.5', '5.5');
INSERT INTO monster(id, name, software_id, height, weight) VALUES('581', 'スワンナ', '5', '1.3', '24.2');
INSERT INTO monster(id, name, software_id, height, weight) VALUES('582', 'バニプッチ', '5', '0.4', '5.7');
INSERT INTO monster(id, name, software_id, height, weight) VALUES('583', 'バニリッチ', '5', '1.1', '41');
INSERT INTO monster(id, name, software_id, height, weight) VALUES('584', 'バイバニラ', '5', '1.3', '57.5');
INSERT INTO monster(id, name, software_id, height, weight) VALUES('585', 'シキジカ', '5', '0.6', '19.5');
INSERT INTO monster(id, name, software_id, height, weight) VALUES('586', 'メブキジカ', '5', '1.9', '92.5');
INSERT INTO monster(id, name, software_id, height, weight) VALUES('587', 'エモンガ', '5', '0.4', '5');
INSERT INTO monster(id, name, software_id, height, weight) VALUES('588', 'カブルモ', '5', '0.5', '5.9');
INSERT INTO monster(id, name, software_id, height, weight) VALUES('589', 'シュバルゴ', '5', '1', '33');
INSERT INTO monster(id, name, software_id, height, weight) VALUES('590', 'タマゲタケ', '5', '0.2', '1');
INSERT INTO monster(id, name, software_id, height, weight) VALUES('591', 'モロバレル', '5', '0.6', '10.5');
INSERT INTO monster(id, name, software_id, height, weight) VALUES('592', 'プルリル', '5', '1.2', '33');
INSERT INTO monster(id, name, software_id, height, weight) VALUES('593', 'ブルンゲル', '5', '2.2', '135');
INSERT INTO monster(id, name, software_id, height, weight) VALUES('594', 'ママンボウ', '5', '1.2', '31.6');
INSERT INTO monster(id, name, software_id, height, weight) VALUES('595', 'バチュル', '5', '0.1', '0.6');
INSERT INTO monster(id, name, software_id, height, weight) VALUES('596', 'デンチュラ', '5', '0.8', '14.3');
INSERT INTO monster(id, name, software_id, height, weight) VALUES('597', 'テッシード', '5', '0.6', '18.8');
INSERT INTO monster(id, name, software_id, height, weight) VALUES('598', 'ナットレイ', '5', '1', '110');
INSERT INTO monster(id, name, software_id, height, weight) VALUES('599', 'ギアル', '5', '0.3', '21');
INSERT INTO monster(id, name, software_id, height, weight) VALUES('600', 'ギギアル', '5', '0.6', '51');
INSERT INTO monster(id, name, software_id, height, weight) VALUES('601', 'ギギギアル', '5', '0.6', '81');
INSERT INTO monster(id, name, software_id, height, weight) VALUES('602', 'シビシラス', '5', '0.2', '0.3');
INSERT INTO monster(id, name, software_id, height, weight) VALUES('603', 'シビビール', '5', '1.2', '22');
INSERT INTO monster(id, name, software_id, height, weight) VALUES('604', 'シビルドン', '5', '2.1', '80.5');
INSERT INTO monster(id, name, software_id, height, weight) VALUES('605', 'リグレー', '5', '0.5', '9');
INSERT INTO monster(id, name, software_id, height, weight) VALUES('606', 'オーベム', '5', '1', '34.5');
INSERT INTO monster(id, name, software_id, height, weight) VALUES('607', 'ヒトモシ', '5', '0.3', '3.1');
INSERT INTO monster(id, name, software_id, height, weight) VALUES('608', 'ランプラー', '5', '0.6', '13');
INSERT INTO monster(id, name, software_id, height, weight) VALUES('609', 'シャンデラ', '5', '1', '34.3');
INSERT INTO monster(id, name, software_id, height, weight) VALUES('610', 'キバゴ', '5', '0.6', '18');
INSERT INTO monster(id, name, software_id, height, weight) VALUES('611', 'オノンド', '5', '1', '36');
INSERT INTO monster(id, name, software_id, height, weight) VALUES('612', 'オノノクス', '5', '1.8', '105.5');
INSERT INTO monster(id, name, software_id, height, weight) VALUES('613', 'クマシュン', '5', '0.5', '8.5');
INSERT INTO monster(id, name, software_id, height, weight) VALUES('614', 'ツンベアー', '5', '2.6', '260');
INSERT INTO monster(id, name, software_id, height, weight) VALUES('615', 'フリージオ', '5', '1.1', '148');
INSERT INTO monster(id, name, software_id, height, weight) VALUES('616', 'チョボマキ', '5', '0.4', '7.7');
INSERT INTO monster(id, name, software_id, height, weight) VALUES('617', 'アギルダー', '5', '0.8', '25.3');
INSERT INTO monster(id, name, software_id, height, weight) VALUES('618', 'マッギョ', '5', '0.7', '11');
INSERT INTO monster(id, name, software_id, height, weight) VALUES('619', 'コジョフー', '5', '0.9', '20');
INSERT INTO monster(id, name, software_id, height, weight) VALUES('620', 'コジョンド', '5', '1.4', '35.5');
INSERT INTO monster(id, name, software_id, height, weight) VALUES('621', 'クリムガン', '5', '1.6', '139');
INSERT INTO monster(id, name, software_id, height, weight) VALUES('622', 'ゴビット', '5', '1', '92');
INSERT INTO monster(id, name, software_id, height, weight) VALUES('623', 'ゴルーグ', '5', '2.8', '330');
INSERT INTO monster(id, name, software_id, height, weight) VALUES('624', 'コマタナ', '5', '0.5', '10.2');
INSERT INTO monster(id, name, software_id, height, weight) VALUES('625', 'キリキザン', '5', '1.6', '70');
INSERT INTO monster(id, name, software_id, height, weight) VALUES('626', 'バッフロン', '5', '1.6', '94.6');
INSERT INTO monster(id, name, software_id, height, weight) VALUES('627', 'ワシボン', '5', '0.5', '10.5');
INSERT INTO monster(id, name, software_id, height, weight) VALUES('628', 'ウォーグル', '5', '1.5', '41');
INSERT INTO monster(id, name, software_id, height, weight) VALUES('629', 'バルチャイ', '5', '0.5', '9');
INSERT INTO monster(id, name, software_id, height, weight) VALUES('630', 'バルジーナ', '5', '1.2', '39.5');
INSERT INTO monster(id, name, software_id, height, weight) VALUES('631', 'クイタラン', '5', '1.4', '58');
INSERT INTO monster(id, name, software_id, height, weight) VALUES('632', 'アイアント', '5', '0.3', '33');
INSERT INTO monster(id, name, software_id, height, weight) VALUES('633', 'モノズ', '5', '0.8', '17.3');
INSERT INTO monster(id, name, software_id, height, weight) VALUES('634', 'ジヘッド', '5', '1.4', '50');
INSERT INTO monster(id, name, software_id, height, weight) VALUES('635', 'サザンドラ', '5', '1.8', '160');
INSERT INTO monster(id, name, software_id, height, weight) VALUES('636', 'メラルバ', '5', '1.1', '28.8');
INSERT INTO monster(id, name, software_id, height, weight) VALUES('637', 'ウルガモス', '5', '1.6', '46');
INSERT INTO monster(id, name, software_id, height, weight) VALUES('638', 'コバルオン', '5', '2.1', '250');
INSERT INTO monster(id, name, software_id, height, weight) VALUES('639', 'テラキオン', '5', '1.9', '260');
INSERT INTO monster(id, name, software_id, height, weight) VALUES('640', 'ビリジオン', '5', '2', '200');
INSERT INTO monster(id, name, software_id, height, weight) VALUES('641', 'トルネロス', '5', '1.5', '63');
INSERT INTO monster(id, name, software_id, height, weight) VALUES('642', 'ボルトロス', '5', '1.5', '61');
INSERT INTO monster(id, name, software_id, height, weight) VALUES('643', 'レシラム', '5', '3.2', '330');
INSERT INTO monster(id, name, software_id, height, weight) VALUES('644', 'ゼクロム', '5', '2.9', '345');
INSERT INTO monster(id, name, software_id, height, weight) VALUES('645', 'ランドロス', '5', '1.5', '68');
INSERT INTO monster(id, name, software_id, height, weight) VALUES('646', 'キュレム', '5', '3', '325');
INSERT INTO monster(id, name, software_id, height, weight) VALUES('647', 'ケルディオ', '5', '1.4', '48.5');
INSERT INTO monster(id, name, software_id, height, weight) VALUES('648', 'メロエッタ', '5', '0.6', '6.5');
INSERT INTO monster(id, name, software_id, height, weight) VALUES('649', 'ゲノセクト', '5', '1.5', '82.5');
INSERT INTO monster(id, name, software_id, height, weight) VALUES('650', 'ハリマロン', '6', '0.4', '9');
INSERT INTO monster(id, name, software_id, height, weight) VALUES('651', 'ハリボーグ', '6', '0.7', '29');
INSERT INTO monster(id, name, software_id, height, weight) VALUES('652', 'ブリガロン', '6', '1.6', '90');
INSERT INTO monster(id, name, software_id, height, weight) VALUES('653', 'フォッコ', '6', '0.4', '9.4');
INSERT INTO monster(id, name, software_id, height, weight) VALUES('654', 'テールナー', '6', '1', '14.5');
INSERT INTO monster(id, name, software_id, height, weight) VALUES('655', 'マフォクシー', '6', '1.5', '39');
INSERT INTO monster(id, name, software_id, height, weight) VALUES('656', 'ケロマツ', '6', '0.3', '7');
INSERT INTO monster(id, name, software_id, height, weight) VALUES('657', 'ゲコガシラ', '6', '0.6', '10.9');
INSERT INTO monster(id, name, software_id, height, weight) VALUES('658', 'ゲッコウガ', '6', '1.5', '40');
INSERT INTO monster(id, name, software_id, height, weight) VALUES('659', 'ホルビー', '6', '0.4', '5');
INSERT INTO monster(id, name, software_id, height, weight) VALUES('660', 'ホルード', '6', '1', '42.4');
INSERT INTO monster(id, name, software_id, height, weight) VALUES('661', 'ヤヤコマ', '6', '0.3', '1.7');
INSERT INTO monster(id, name, software_id, height, weight) VALUES('662', 'ヒノヤコマ', '6', '0.7', '16');
INSERT INTO monster(id, name, software_id, height, weight) VALUES('663', 'ファイアロー', '6', '1.2', '24.5');
INSERT INTO monster(id, name, software_id, height, weight) VALUES('664', 'コフキムシ', '6', '0.3', '2.5');
INSERT INTO monster(id, name, software_id, height, weight) VALUES('665', 'コフーライ', '6', '0.3', '8.4');
INSERT INTO monster(id, name, software_id, height, weight) VALUES('666', 'ビビヨン', '6', '1.2', '17');
INSERT INTO monster(id, name, software_id, height, weight) VALUES('667', 'シシコ', '6', '0.6', '13.5');
INSERT INTO monster(id, name, software_id, height, weight) VALUES('668', 'カエンジシ', '6', '1.5', '81.5');
INSERT INTO monster(id, name, software_id, height, weight) VALUES('669', 'フラベベ', '6', '0.1', '0.1');
INSERT INTO monster(id, name, software_id, height, weight) VALUES('670', 'フラエッテ', '6', '0.2', '0.9');
INSERT INTO monster(id, name, software_id, height, weight) VALUES('671', 'フラージェス', '6', '1.1', '10');
INSERT INTO monster(id, name, software_id, height, weight) VALUES('672', 'メェークル', '6', '0.9', '31');
INSERT INTO monster(id, name, software_id, height, weight) VALUES('673', 'ゴーゴート', '6', '1.7', '91');
INSERT INTO monster(id, name, software_id, height, weight) VALUES('674', 'ヤンチャム', '6', '0.6', '8');
INSERT INTO monster(id, name, software_id, height, weight) VALUES('675', 'ゴロンダ', '6', '2.1', '136');
INSERT INTO monster(id, name, software_id, height, weight) VALUES('676', 'トリミアン', '6', '1.2', '28');
INSERT INTO monster(id, name, software_id, height, weight) VALUES('677', 'ニャスパー', '6', '0.3', '3.5');
INSERT INTO monster(id, name, software_id, height, weight) VALUES('678', 'ニャオニクス(♂)', '6', '0.6', '8.5');
INSERT INTO monster(id, name, software_id, height, weight) VALUES('679', 'ヒトツキ', '6', '0.8', '2');
INSERT INTO monster(id, name, software_id, height, weight) VALUES('680', 'ニダンギル', '6', '0.8', '4.5');
INSERT INTO monster(id, name, software_id, height, weight) VALUES('681', 'ギルガルド', '6', '1.7', '53');
INSERT INTO monster(id, name, software_id, height, weight) VALUES('682', 'シュシュプ', '6', '0.2', '0.5');
INSERT INTO monster(id, name, software_id, height, weight) VALUES('683', 'フレフワン', '6', '0.8', '15.5');
INSERT INTO monster(id, name, software_id, height, weight) VALUES('684', 'ペロッパフ', '6', '0.4', '3.5');
INSERT INTO monster(id, name, software_id, height, weight) VALUES('685', 'ペロリーム', '6', '0.8', '5');
INSERT INTO monster(id, name, software_id, height, weight) VALUES('686', 'マーイーカ', '6', '0.4', '3.5');
INSERT INTO monster(id, name, software_id, height, weight) VALUES('687', 'カラマネロ', '6', '1.5', '47');
INSERT INTO monster(id, name, software_id, height, weight) VALUES('688', 'カメテテ', '6', '0.5', '31');
INSERT INTO monster(id, name, software_id, height, weight) VALUES('689', 'ガメノデス', '6', '1.3', '96');
INSERT INTO monster(id, name, software_id, height, weight) VALUES('690', 'クズモー', '6', '0.5', '7.3');
INSERT INTO monster(id, name, software_id, height, weight) VALUES('691', 'ドラミドロ', '6', '1.8', '81.5');
INSERT INTO monster(id, name, software_id, height, weight) VALUES('692', 'ウデッポウ', '6', '0.5', '8.3');
INSERT INTO monster(id, name, software_id, height, weight) VALUES('693', 'ブロスター', '6', '1.3', '35.3');
INSERT INTO monster(id, name, software_id, height, weight) VALUES('694', 'エリキテル', '6', '0.5', '6');
INSERT INTO monster(id, name, software_id, height, weight) VALUES('695', 'エレザード', '6', '1', '21');
INSERT INTO monster(id, name, software_id, height, weight) VALUES('696', 'チゴラス', '6', '0.8', '26');
INSERT INTO monster(id, name, software_id, height, weight) VALUES('697', 'ガチゴラス', '6', '2.5', '270');
INSERT INTO monster(id, name, software_id, height, weight) VALUES('698', 'アマルス', '6', '1.3', '25.2');
INSERT INTO monster(id, name, software_id, height, weight) VALUES('699', 'アマルルガ', '6', '2.7', '225');
INSERT INTO monster(id, name, software_id, height, weight) VALUES('700', 'ニンフィア', '6', '1', '23.5');
INSERT INTO monster(id, name, software_id, height, weight) VALUES('701', 'ルチャブル', '6', '0.8', '21.5');
INSERT INTO monster(id, name, software_id, height, weight) VALUES('702', 'デデンネ', '6', '0.2', '2.2');
INSERT INTO monster(id, name, software_id, height, weight) VALUES('703', 'メレシー', '6', '0.3', '5.7');
INSERT INTO monster(id, name, software_id, height, weight) VALUES('704', 'ヌメラ', '6', '0.3', '2.8');
INSERT INTO monster(id, name, software_id, height, weight) VALUES('705', 'ヌメイル', '6', '0.8', '17.5');
INSERT INTO monster(id, name, software_id, height, weight) VALUES('706', 'ヌメルゴン', '6', '2', '150.5');
INSERT INTO monster(id, name, software_id, height, weight) VALUES('707', 'クレッフィ', '6', '0.2', '3');
INSERT INTO monster(id, name, software_id, height, weight) VALUES('708', 'ボクレー', '6', '0.4', '7');
INSERT INTO monster(id, name, software_id, height, weight) VALUES('709', 'オーロット', '6', '1.5', '71');
INSERT INTO monster(id, name, software_id, height, weight) VALUES('710', 'バケッチャ(小)', '6', '0.4', '5');
INSERT INTO monster(id, name, software_id, height, weight) VALUES('711', 'パンプジン(小)', '6', '0.9', '12.5');
INSERT INTO monster(id, name, software_id, height, weight) VALUES('712', 'カチコール', '6', '1', '99.5');
INSERT INTO monster(id, name, software_id, height, weight) VALUES('713', 'クレベース', '6', '2', '505');
INSERT INTO monster(id, name, software_id, height, weight) VALUES('714', 'オンバット', '6', '0.5', '8');
INSERT INTO monster(id, name, software_id, height, weight) VALUES('715', 'オンバーン', '6', '1.5', '85');
INSERT INTO monster(id, name, software_id, height, weight) VALUES('716', 'ゼルネアス', '6', '3', '215');
INSERT INTO monster(id, name, software_id, height, weight) VALUES('717', 'イベルタル', '6', '5.8', '203');
INSERT INTO monster(id, name, software_id, height, weight) VALUES('718', 'ジガルデ', '6', '5', '305');
